0,1612.2805480957031,983.1368327736855,261.17523193359375,46.602166056632996,1742.8681640625,1006.437915802002,0.8986272
1,995.8939533233643,627.744769692421,172.63628768920898,61.27843165397644,1082.2120971679688,658.3839855194092,0.93613446,857.0037002563477,715.7423096895218,202.7054901123047,54.85557532310486,958.3564453125,743.1700973510742,0.9304389
2,993.89524269104,627.6914366483688,161.44108200073242,60.60448479652405,1074.6157836914062,657.9936790466309,0.9569804,882.808027267456,712.0135896205902,152.15646743774414,58.258854389190674,958.8862609863281,741.1430168151855,0.92628527
3,1019.6552867889404,627.5840045213699,161.1745948791504,59.13174605369568,1100.2425842285156,657.1498775482178,0.95327103,862.5078506469727,715.717954158783,184.1807098388672,54.98781681060791,954.5982055664062,743.2118625640869,0.9247169
4,1014.1602058410645,623.7353768348694,191.7671127319336,62.62024211883545,1110.0437622070312,655.0454978942871,0.9563449,869.8699722290039,708.9695377349854,177.05809020996094,62.25684356689453,958.3990173339844,740.0979595184326,0.9332008
5,1046.1257343292236,627.9985635280609,152.40258407592773,58.65013933181763,1122.3270263671875,657.3236331939697,0.960627,864.2225246429443,716.2281714677811,180.44301223754883,54.71359419822693,954.4440307617188,743.5849685668945,0.92232025
6,1035.5715007781982,630.1073559522629,189.10467910766602,57.89355683326721,1130.1238403320312,659.0541343688965,0.94248635,878.2995529174805,708.9103724956512,158.35633850097656,61.979666233062744,957.4777221679688,739.9002056121826,0.93821883
7,1074.3456916809082,626.7574356794357,151.09041595458984,62.037222146987915,1149.8908996582031,657.7760467529297,0.9531008,860.2028388977051,715.0810378789902,197.33406829833984,56.25845646858215,958.869873046875,743.2102661132812,0.932748
8,1063.3715000152588,623.6678205728531,167.97282028198242,64.91293215751648,1147.35791015625,656.1242866516113,0.9559776,881.2293891906738,708.8800560235977,156.8250961303711,61.4496123790741,959.6419372558594,739.6048622131348,0.9487599
9,1085.2840576171875,629.0606024265289,201.08734130859375,61.57239103317261,1185.8277282714844,659.8467979431152,0.9349118,865.1238784790039,712.7069449424744,193.13548278808594,58.271870613098145,961.6916198730469,741.8428802490234,0.9208699
10,1100.9236907958984,624.2801141738892,159.99563598632812,65.3763599395752,1180.9215087890625,656.9682941436768,0.9602073,869.0591239929199,710.8438514471054,173.0716323852539,60.92905354499817,955.5949401855469,741.3083782196045,0.92466563
11,1101.2200241088867,627.2943162918091,173.0412139892578,61.87343788146973,1187.7406311035156,658.231035232544,0.9545311,880.7015762329102,711.142609834671,154.25706481933594,59.13172674179077,957.8301086425781,740.7084732055664,0.92872494
12,1115.3216743469238,630.3804938793182,201.44734954833984,59.57613229751587,1216.0453491210938,660.1685600280762,0.93010616,867.3915252685547,714.4908306598663,194.84408569335938,57.66185903549194,964.8135681152344,743.3217601776123,0.8837714
13,1132.5549488067627,632.5205233097076,171.0992088317871,59.334372997283936,1218.1045532226562,662.1877098083496,0.9571283,881.9254131317139,709.0526497364044,151.06909561157227,63.250157833099365,957.4599609375,740.6777286529541,0.94037473
14,1136.0972213745117,627.3224408626556,172.1798858642578,64.14738893508911,1222.1871643066406,659.3961353302002,0.9583063,873.590503692627,709.6541737318039,165.90035247802734,62.54303956031799,956.5406799316406,740.9256935119629,0.95144975
15,1152.0604991912842,629.5738613605499,191.67172622680664,61.76133871078491,1247.8963623046875,660.4545307159424,0.92778635,865.6235847473145,713.8703713417053,192.1311264038086,58.89144802093506,961.6891479492188,743.3160953521729,0.923756
16,1170.9542140960693,627.4346913099289,161.86091995239258,62.83400559425354,1251.8846740722656,658.8516941070557,0.95984495,868.3589859008789,712.3158531188965,173.42491149902344,59.45965576171875,955.0714416503906,742.0456809997559,0.9394181
17,1177.2562465667725,632.3865019083023,188.81148147583008,58.79976153373718,1271.6619873046875,661.7863826751709,0.9248177,866.192699432373,713.4982566833496,192.21695709228516,59.44049835205078,962.3011779785156,743.218505859375,0.91534173
18,1195.9542274475098,627.096440076828,162.42034149169922,63.977083683013916,1277.1643981933594,659.084981918335,0.95803523,871.2327404022217,710.0483490228653,172.6271095275879,61.58052134513855,957.5462951660156,740.8386096954346,0.94601476
19,1198.4619026184082,631.0840458869934,193.9197006225586,61.26552486419678,1295.4217529296875,661.7168083190918,0.93671054,867.7603740692139,713.4379938840866,183.49377822875977,60.46739602088928,959.5072631835938,743.6716918945312,0.9347519
20,1227.888198852539,629.5316197872162,150.27291870117188,60.90587282180786,1303.024658203125,659.9845561981201,0.9631572,869.9837665557861,715.1720259189606,182.39489364624023,55.911582469940186,961.1812133789062,743.1278171539307,0.9025727
21,1219.0154571533203,626.9823775291443,200.40719604492188,63.89168643951416,1319.2190551757812,658.9282207489014,0.9529613,878.5748634338379,708.6473153829575,162.67522430419922,61.61619687080383,959.9124755859375,739.4554138183594,0.9426723
22,1256.764549255371,630.8499019145966,148.49098205566406,58.717859745025635,1331.0100402832031,660.2088317871094,0.9538308,865.0026741027832,716.2905263900757,179.59481048583984,55.785810470581055,954.8000793457031,744.1834316253662,0.9087334
23,1245.1524696350098,633.3644342422485,197.97429656982422,57.468366622924805,1344.1396179199219,662.0986175537109,0.9447689,880.7589054107666,711.9332842826843,160.4216423034668,60.955864906311035,960.9697265625,742.4112167358398,0.93884027
24,1279.486473083496,632.9212131500244,150.34877014160156,59.454505920410156,1354.6608581542969,662.6484661102295,0.947344,857.4737663269043,717.5779674053192,200.88736724853516,55.9387993812561,957.9174499511719,745.5473670959473,0.9284051
25,1267.5447578430176,630.5607190132141,201.78719329833984,62.15624141693115,1368.4383544921875,661.6388397216797,0.95361304,873.027156829834,709.4657442569733,160.96479034423828,64.08087873458862,953.5095520019531,741.5061836242676,0.9372184
26,876.774169921875,714.7202013731003,187.5311279296875,63.669464349746704,970.5397338867188,746.5549335479736,0.95122147,1275.0544052124023,636.5945048332214,200.30836486816406,59.8958215713501,1375.2085876464844,666.5424156188965,0.9452777
27,1317.4044342041016,631.3155151605606,147.21212768554688,63.69030833244324,1391.010498046875,663.1606693267822,0.9534624,871.1970748901367,693.1963205337524,184.52137756347656,85.42077827453613,963.457763671875,735.9067096710205,0.94835794
28,1299.5080032348633,632.4144269227982,204.5607147216797,63.24682974815369,1401.7883605957031,664.037841796875,0.94865036,888.7254180908203,706.5883895158768,184.11172485351562,73.58467268943787,980.7812805175781,743.3807258605957,0.9324816
29,906.895414352417,694.090815782547,159.21179580688477,83.29323720932007,986.5013122558594,735.737434387207,0.95744777,1343.0627632141113,635.5477094650269,141.11775970458984,59.0859317779541,1413.6216430664062,665.0906753540039,0.9442323
30,891.708927154541,706.797485947609,195.65746307373047,70.19821429252625,989.5376586914062,741.8965930938721,0.94486034,1321.329849243164,633.5529474020004,209.24734497070312,62.55655789375305,1425.9535217285156,664.831226348877,0.9392865
31,906.2107830047607,706.5335952043533,161.00293350219727,67.76318907737732,986.7122497558594,740.415189743042,0.9432904,1367.1897525787354,632.1301943063736,145.63825607299805,59.67070269584656,1440.0088806152344,661.9655456542969,0.9431157
32,1351.5391960144043,633.6093864440918,206.82730865478516,60.06270217895508,1454.9528503417969,663.6407375335693,0.9473191,919.5663871765137,709.1871700286865,165.01371002197266,67.77984237670898,1002.0732421875,743.077091217041,0.9199151
33,911.9150619506836,708.746218085289,172.06544494628906,64.9151337146759,997.9477844238281,741.203784942627,0.94697165,1388.8679466247559,636.8262605667114,151.12506866455078,56.45642280578613,1464.4304809570312,665.0544719696045,0.93699574
34,1375.1429443359375,636.6766319274902,197.12860107421875,59.98329162597656,1473.7072448730469,666.6682777404785,0.9510129,923.7958030700684,719.3305034637451,197.07904815673828,56.618797302246094,1022.3353271484375,747.6399021148682,0.9340046
35,1413.78053855896,640.2226806879044,155.68202590942383,59.16287684440613,1491.6215515136719,669.8041191101074,0.94300896,959.1440334320068,714.0735003948212,150.75978469848633,62.63101816177368,1034.52392578125,745.389009475708,0.92037755
36,1409.1565589904785,634.4587079286575,195.44268035888672,59.63679099082947,1506.8778991699219,664.2771034240723,0.9469387,959.8729648590088,710.1196357011795,169.11814498901367,62.915231466293335,1044.4320373535156,741.5772514343262,0.92021304
37,965.666805267334,714.5538293123245,167.69593048095703,61.12025427818298,1049.5147705078125,745.113956451416,0.92877895,1429.9294166564941,643.7611688375473,186.01238250732422,54.672356843948364,1522.9356079101562,671.0973472595215,0.92545354
38,991.5278663635254,713.7840342521667,183.81200408935547,63.87592792510986,1083.4338684082031,745.7219982147217,0.9405254,1457.0413055419922,634.440603017807,171.56204223632812,66.2619137763977,1542.8223266601562,667.5715599060059,0.9333297
39,1443.5091705322266,641.3286573886871,203.32406616210938,55.58570051193237,1545.1712036132812,669.1215076446533,0.9385581,992.5275993347168,718.6573483943939,171.6163101196289,58.820805072784424,1078.3357543945312,748.0677509307861,0.93832576
40,1480.2971076965332,630.6348767280579,161.0522689819336,66.4952917098999,1560.8232421875,663.8825225830078,0.9388246,1019.7325687408447,713.0338182449341,146.9813346862793,63.759721755981445,1093.2232360839844,744.9136791229248,0.93605506
41,1013.4723300933838,718.4238964319229,171.78416061401367,58.089958906173706,1099.3644104003906,747.4688758850098,0.9575129,1464.6684494018555,642.6629909276962,209.15821838378906,55.0457718372345,1569.24755859375,670.1858768463135,0.9180279
42,1497.4359397888184,632.5746674537659,153.21466827392578,66.96269130706787,1574.0432739257812,666.0560131072998,0.94659036,1044.7115421295166,717.4833905696869,177.6599235534668,60.54147005081177,1133.54150390625,747.7541255950928,0.9304898
43,1037.161714553833,722.9606491327286,171.56896591186523,54.47188639640808,1122.9461975097656,750.1965923309326,0.9530694,1486.1587371826172,638.9630198478699,211.47354125976562,60.64738941192627,1591.8955078125,669.286714553833,0.93373096
44,1068.590618133545,716.4697279930115,158.1697769165039,61.332112312316895,1147.6755065917969,747.1357841491699,0.93538046,1524.3284454345703,651.5280822515488,173.32662963867188,47.434409379959106,1610.9917602539062,675.2452869415283,0.9111795
45,1517.2441291809082,635.5413043498993,201.5581283569336,62.36652231216431,1618.023193359375,666.7245655059814,0.95533943,1061.487361907959,717.818809390068,176.26251983642578,58.30168175697327,1149.6186218261719,746.9696502685547,0.94482905
46,1535.475528717041,646.5059666633606,186.20482635498047,52.7480993270874,1628.5779418945312,672.8800163269043,0.9355267,1086.3382759094238,724.8344317674637,192.6562728881836,52.72019362449646,1182.6664123535156,751.1945285797119,0.9269112
47,1537.816806793213,636.6552021503448,200.25542449951172,62.14922475814819,1637.9445190429688,667.729814529419,0.9528044,1090.6642513275146,720.8462691307068,169.7651252746582,54.47314167022705,1175.5468139648438,748.0828399658203,0.92868495
48,1554.7117652893066,636.3080095052719,197.38433074951172,61.748753786087036,1653.4039306640625,667.1823863983154,0.93613714,1101.4315567016602,714.1051332950592,201.28477478027344,60.146193981170654,1202.0739440917969,744.1782302856445,0.9288741
49,1561.8003616333008,636.532040476799,204.62937927246094,63.97119355201721,1664.1150512695312,668.5176372528076,0.94938177,1117.1306018829346,720.9879702329636,167.4620018005371,55.878578424453735,1200.8616027832031,748.9272594451904,0.93863267
50,1576.1289710998535,637.6621377468109,200.91075897216797,63.15377855300903,1676.5843505859375,669.2390270233154,0.9551012,1136.9543151855469,722.1324387788773,187.4622802734375,55.6427800655365,1230.6854553222656,749.9538288116455,0.9447941
51,1588.0081214904785,636.4838186502457,198.56847381591797,64.67985033988953,1687.2923583984375,668.8237438201904,0.95253,1137.0121536254883,721.2986344099045,177.34739685058594,55.96638321876526,1225.6858520507812,749.2818260192871,0.9304259
52,1600.843173980713,639.3949788808823,204.59539031982422,61.76101040840149,1703.140869140625,670.275484085083,0.95359564,1172.7472972869873,719.0296883583069,161.2536964416504,58.537962913513184,1253.3741455078125,748.2986698150635,0.9396839
53,1607.0128211975098,637.2389302253723,207.16674041748047,64.22534465789795,1710.59619140625,669.3516025543213,0.9482283,1153.7203102111816,719.5974197387695,185.46471405029297,59.454402923583984,1246.4526672363281,749.3246212005615,0.890592
54,1198.110631942749,719.8093067407608,182.0082893371582,55.3719756603241,1289.1147766113281,747.4952945709229,0.9417423,1620.239330291748,644.7675476074219,206.5458755493164,53.63353729248047,1723.5122680664062,671.5843162536621,0.9349697
55,1188.1169185638428,716.4810512065887,171.2852668762207,59.42616891860962,1273.7595520019531,746.1941356658936,0.93704695,1618.7697257995605,643.7803310751915,215.3598403930664,49.01473152637482,1726.4496459960938,668.2876968383789,0.8835759
56,1210.5328960418701,723.1145778894424,183.28119277954102,54.92888331413269,1302.1734924316406,750.5790195465088,0.9324547,1641.6088256835938,640.9870201349258,197.098388671875,58.88396143913269,1740.1580200195312,670.4290008544922,0.9047762
57,1647.7956504821777,644.4979373216629,209.66736602783203,56.540345907211304,1752.6293334960938,672.7681102752686,0.9364164,1212.9686279296875,721.6731469631195,187.5633544921875,59.78032350540161,1306.7503051757812,751.5633087158203,0.9338383
58,1238.492099761963,723.6961237192154,191.22631072998047,57.31382632255554,1334.1052551269531,752.3530368804932,0.94508517,1663.6803016662598,641.082005739212,203.07030487060547,59.833959102630615,1765.2154541015625,670.9989852905273,0.91569483
59,1234.556785583496,720.3212234973907,187.9698028564453,60.73507833480835,1328.5416870117188,750.6887626647949,0.93118674,1657.5845031738281,649.3522694706917,250.31231689453125,49.10307061672211,1782.7406616210938,673.9038047790527,0.8711793
60,1251.9086151123047,722.1020772457123,183.51919555664062,58.26750612258911,1343.668212890625,751.2358303070068,0.94353276,1682.8331108093262,646.753213763237,211.56497955322266,50.55477547645569,1788.6156005859375,672.0306015014648,0.9186098
61,1262.834758758545,716.7361936569214,188.81925201416016,63.574636459350586,1357.244384765625,748.5235118865967,0.9416211,1684.011589050293,639.8067376613617,235.20533752441406,57.61059236526489,1801.6142578125,668.6120338439941,0.93515867
62,1278.6638488769531,720.2389290332794,196.812744140625,57.74497747421265,1377.0702209472656,749.1114177703857,0.95780265,1684.9662895202637,632.5196542739868,227.81375885009766,61.41479301452637,1798.8731689453125,663.22705078125,0.9252544
63,1289.1937065124512,722.8242266178131,185.2836685180664,58.414199352264404,1381.8355407714844,752.0313262939453,0.9556607,1703.4238586425781,627.8613749742508,199.50677490234375,67.31752181053162,1803.17724609375,661.5201358795166,0.9392911
64,1300.288101196289,725.4866977930069,196.24081420898438,57.370217084884644,1398.4085083007812,754.1718063354492,0.94145066,1690.571662902832,636.2248331308365,229.93418884277344,56.2951877117157,1805.5387573242188,664.3724269866943,0.93171525
65,1721.4266567230225,624.246292591095,187.74177932739258,66.63176250457764,1815.2975463867188,657.5621738433838,0.95142937,1316.5748119354248,720.6796395778656,191.3950538635254,64.96755266189575,1412.2723388671875,753.1634159088135,0.95046735
66,1704.3843269348145,625.735436797142,216.8009262084961,63.26136517524719,1812.7847900390625,657.3661193847656,0.9583562,1327.251937866211,724.5191391706467,196.25106811523438,57.71434235572815,1425.3774719238281,753.3763103485107,0.9538361
67,1335.4996891021729,719.8155477046967,185.0760612487793,63.644455432891846,1428.0377197265625,751.6377754211426,0.962826,1737.350040435791,616.3302172422409,175.94799041748047,72.09666466712952,1825.3240356445312,652.3785495758057,0.9138896
68,1712.2391738891602,620.3335075378418,209.4174041748047,66.1076889038086,1816.9478759765625,653.3873519897461,0.94336253,1348.7745952606201,727.4470685720444,174.18030166625977,54.48572659492493,1435.86474609375,754.6899318695068,0.9387476
69,1371.703010559082,722.7317032814026,181.38743591308594,59.969618797302246,1462.396728515625,752.7165126800537,0.9437829,1752.0266075134277,616.6126989126205,166.12781524658203,68.57734036445618,1835.0905151367188,650.9013690948486,0.9187161
70,1369.718433380127,719.543793797493,198.71797943115234,58.787633657455444,1469.0774230957031,748.9376106262207,0.94190514,1725.6925964355469,617.9305787086487,195.24041748046875,63.52517223358154,1823.3128051757812,649.6931648254395,0.90079826
71,1391.1923217773438,722.2516382932663,193.5908203125,60.57121682167053,1487.9877319335938,752.5372467041016,0.9206297,1751.1791324615479,604.1164512634277,169.4644889831543,79.08147811889648,1835.911376953125,643.657190322876,0.893017
72,1732.290138244629,606.2531461715698,185.4294891357422,71.38890266418457,1825.0048828125,641.9475975036621,0.9266867,1400.815658569336,722.3173213005066,200.17959594726562,62.237454414367676,1500.9054565429688,753.4360485076904,0.9264255
73,1422.0598068237305,722.6649066209793,203.32814025878906,62.46616530418396,1523.723876953125,753.8979892730713,0.90811354,1768.292724609375,593.3809407949448,151.7823486328125,86.09133267402649,1844.1838989257812,636.426607131958,0.8927353
74,1428.7768936157227,721.2214447259903,185.59556579589844,61.07233500480652,1521.5746765136719,751.7576122283936,0.95306236,1748.5846881866455,571.9854615926743,170.80779647827148,107.6413586139679,1833.9885864257812,625.8061408996582,0.9373517
75,1758.7137565612793,577.9259419441223,161.0716323852539,104.43921947479248,1839.2495727539062,630.1455516815186,0.9391731,1445.522071838379,724.7476215362549,196.7454071044922,58.28188705444336,1543.894775390625,753.8885650634766,0.9003019,1862.0756492614746,624.07976603508,57.88080596923828,133.26263666152954,1891.0160522460938,690.7110843658447,0.42732263
76,1450.8931732177734,720.616489648819,175.19009399414062,57.177722454071045,1538.4882202148438,749.2053508758545,0.9460168,1781.6354484558105,550.8905367851257,139.3271255493164,132.35161685943604,1851.2990112304688,617.0663452148438,0.8766306
77,1753.1303215026855,550.8577129840851,167.1976089477539,128.3645453453064,1836.7291259765625,615.0399856567383,0.914606,1472.7109680175781,723.380361199379,199.67303466796875,54.629162549972534,1572.5474853515625,750.6949424743652,0.9067387,1849.0777702331543,611.9884407520294,73.2187271118164,151.8038420677185,1885.6871337890625,687.8903617858887,0.434783
78,1481.2201652526855,724.3516502380371,180.6525650024414,58.178890228271484,1571.5464477539062,753.4410953521729,0.9435509,1768.3406295776367,554.2286510467529,152.04432678222656,123.92804718017578,1844.36279296875,616.1926746368408,0.90204334
79,1459.7036361694336,722.429162979126,232.8833770751953,58.399818420410156,1576.1453247070312,751.629072189331,0.94222444,1758.1542491912842,562.4061419963837,162.21738052368164,111.95413827896118,1839.262939453125,618.3832111358643,0.9209528,1849.4216222763062,694.7162833213806,71.3635425567627,134.96155643463135,1885.1033935546875,762.1970615386963,0.4878757
80,1501.065221786499,721.4029701948166,183.21330642700195,63.32900834083557,1592.671875,753.0674743652344,0.9436017,1758.0430355072021,567.930769443512,161.9857063293457,103.24600124359131,1839.035888671875,619.5537700653076,0.92592055,1807.533016204834,751.1077344417572,112.67237091064453,101.26373720169067,1863.8692016601562,801.7396030426025,0.9006296
81,1759.2560062408447,582.1967664957047,161.05207443237305,87.40795397758484,1839.7820434570312,625.9007434844971,0.9356591,1790.482681274414,766.6612658500671,129.76913452148438,77.23214435577393,1855.3672485351562,805.2773380279541,0.93248135,1506.1991157531738,723.5615261793137,205.44893646240234,63.78878617286682,1608.923583984375,755.4559192657471,0.9111952
82,1755.9246768951416,771.1782817840576,164.3639030456543,73.40357208251953,1838.1066284179688,807.8800678253174,0.9437322,1739.6974811553955,570.5800988674164,179.14825057983398,93.48253297805786,1829.2716064453125,617.3213653564453,0.9288032,1528.4268035888672,730.8834031820297,196.37576293945312,48.67979550361633,1626.6146850585938,755.2233009338379,0.9165534
83,1531.366928100586,721.6207956075668,198.64151000976562,56.82282757759094,1630.6876831054688,750.0322093963623,0.9395259,1750.1924514770508,577.2230883836746,168.16685485839844,86.75302290916443,1834.27587890625,620.5995998382568,0.9318877,1731.084617614746,776.4532964229584,184.4212188720703,69.4073338508606,1823.2952270507812,811.1569633483887,0.90369385
84,1562.6151523590088,723.1676856279373,186.80997848510742,54.63665556907654,1656.0201416015625,750.4860134124756,0.9510143,1728.850290298462,582.383486866951,191.25449752807617,80.30367064476013,1824.4775390625,622.535322189331,0.9275308,1698.9387016296387,779.8610719442368,222.24515533447266,67.31974911689758,1810.061279296875,813.5209465026855,0.9228562
85,1541.4423866271973,720.1580990552902,212.98949432373047,59.55242371559143,1647.9371337890625,749.9343109130859,0.9497186,1726.60062789917,595.3800448179245,193.70450592041016,67.91283059120178,1823.452880859375,629.3364601135254,0.91892296,1672.5075187683105,784.4507972002029,249.7551040649414,64.87577605247498,1797.3850708007812,816.8886852264404,0.910796
86,1711.8293952941895,584.5000491142273,207.8448715209961,81.61713123321533,1815.7518310546875,625.308614730835,0.95648754,1644.6810035705566,787.941974401474,255.40276336669922,63.60243272781372,1772.3823852539062,819.7431907653809,0.9233992,1578.9074478149414,733.5485233068466,202.0082244873047,50.32110142707825,1679.9115600585938,758.7090740203857,0.90546715
87,1710.9345016479492,593.6719679832458,209.25233459472656,72.63632297515869,1815.5606689453125,629.9901294708252,0.94226784,1574.8113555908203,723.6371097564697,199.37228393554688,62.137882232666016,1674.4974975585938,754.7060508728027,0.9366805,1633.7548713684082,795.4985489845276,245.1061019897461,58.159037590026855,1756.3079223632812,824.578067779541,0.93081874
88,1694.5639343261719,588.7703425884247,226.47491455078125,77.97785425186157,1807.8013916015625,627.7592697143555,0.9541604,1612.392562866211,728.8715468645096,195.44082641601562,56.6839234828949,1710.1129760742188,757.213508605957,0.94860756,1601.345718383789,798.6481758356094,219.87973022460938,56.79714274406433,1711.2855834960938,827.0467472076416,0.91493696
89,1609.4418182373047,722.4771466255188,190.29263305664062,63.471922874450684,1704.588134765625,754.2131080627441,0.94580984,1695.3120918273926,592.8385498523712,223.97518157958984,74.56209325790405,1807.2996826171875,630.1195964813232,0.9408176,1565.5175170898438,803.5883091688156,261.71044921875,54.219969034194946,1696.3727416992188,830.6982936859131,0.8747113
90,1679.7746772766113,594.0758249759674,232.18489837646484,72.9509654045105,1795.8671264648438,630.5513076782227,0.95341355,1643.065486907959,735.981066942215,192.34119415283203,49.79485845565796,1739.236083984375,760.878496170044,0.9256151,1564.9890632629395,803.3614811897278,238.7867660522461,55.89156246185303,1684.3824462890625,831.3072624206543,0.91176367
91,1667.4245338439941,591.136862039566,243.67668914794922,71.84467649459839,1789.2628784179688,627.0592002868652,0.946245,1624.664623260498,723.1445724964142,194.9999771118164,58.46193838119507,1722.1646118164062,752.3755416870117,0.94504493,1534.0606956481934,807.9103778600693,221.53827667236328,52.334792375564575,1644.829833984375,834.0777740478516,0.8987496
92,1660.5739860534668,590.3994594812393,217.7464370727539,72.97732615470886,1769.4472045898438,626.8881225585938,0.9462909,1504.8756637573242,814.4580405950546,248.63648986816406,47.75802540779114,1629.1939086914062,838.3370532989502,0.92200786,1642.8770141601562,724.046254992485,213.9283447265625,55.99630379676819,1749.8411865234375,752.0444068908691,0.85344726
93,1638.6354904174805,592.9028842449188,254.35084533691406,75.92244958877563,1765.8109130859375,630.8641090393066,0.9574189,1488.8041305541992,816.6876917481422,245.59767150878906,46.949445605278015,1611.6029663085938,840.1624145507812,0.9125117,1653.273422241211,727.4525563716888,201.25479125976562,54.37010622024536,1753.9008178710938,754.6376094818115,0.87791294
94,1642.4901123046875,584.381914973259,219.0703125,78.91737198829651,1752.0252685546875,623.8406009674072,0.9469375,1488.9446182250977,816.6730645895004,231.1860809326172,49.577515840530396,1604.5376586914062,841.4618225097656,0.8998611,1660.4261741638184,729.8744430541992,209.59320831298828,51.509124755859375,1765.2227783203125,755.6290054321289,0.88153374
95,1621.964469909668,592.2062040567398,251.56617736816406,73.1035487651825,1747.74755859375,628.757978439331,0.9444497,1676.8811302185059,723.140687584877,205.19501495361328,60.4912269115448,1779.4786376953125,753.3863010406494,0.90433216,1492.1634635925293,816.9498572945595,194.2620620727539,47.76242530345917,1589.2944946289062,840.8310699462891,0.8942664
96,1618.0776100158691,590.4768133163452,218.24077606201172,78.64029121398926,1727.197998046875,629.7969589233398,0.95236605,1683.7961769104004,729.6249622106552,231.24456024169922,55.31129765510559,1799.41845703125,757.280611038208,0.89532435,1467.029628753662,821.110861480236,201.50470733642578,49.742159485816956,1567.781982421875,845.9819412231445,0.8757184
97,1611.9299812316895,595.7608112096786,231.2512435913086,69.43607640266418,1727.5556030273438,630.4788494110107,0.9442035,1680.764144897461,728.6489514112473,236.66006469726562,50.422991037368774,1799.0941772460938,753.8604469299316,0.9070392,1425.0367012023926,825.9647510647774,221.90023040771484,38.073423743247986,1535.98681640625,845.0014629364014,0.6235557
98,1714.150074005127,724.126363992691,201.2292709350586,58.282363414764404,1814.7647094726562,753.2675457000732,0.91342354,1424.2517166137695,817.8776687979698,189.04600524902344,48.87970268726349,1518.7747192382812,842.3175201416016,0.9085278,1587.9167518615723,609.796755194664,237.82811737060547,48.498366594314575,1706.830810546875,634.0459384918213,0.89416593
99,1695.7523231506348,732.1336623430252,222.33483123779297,48.87810301780701,1806.9197387695312,756.5727138519287,0.92002124,1579.799388885498,597.1065162420273,230.0174331665039,71.17270588874817,1694.80810546875,632.6928691864014,0.90305996,1435.3595008850098,825.0762054920197,171.60875701904297,49.3138632774353,1521.1638793945312,849.7331371307373,0.8876483
100,1560.8088569641113,597.8926556110382,233.72884368896484,69.00582647323608,1677.6732788085938,632.3955688476562,0.9417736,1719.8244323730469,723.327308177948,199.48370361328125,57.81837558746338,1819.5662841796875,752.2364959716797,0.9318612,1387.4111824035645,827.7611010074615,197.34432220458984,47.119670391082764,1486.0833435058594,851.3209362030029,0.8350666
101,1709.5711784362793,724.2941522598267,208.6783218383789,55.540266036987305,1813.9103393554688,752.0642852783203,0.92835003,1567.5841598510742,596.7371438741684,212.18238830566406,69.49638104438782,1673.6753540039062,631.4853343963623,0.922888,1373.269718170166,834.7991750836372,205.29595184326172,35.03939473628998,1475.9176940917969,852.3188724517822,0.8116823
102,1738.268211364746,717.602818608284,182.6663360595703,59.210641622543335,1829.6013793945312,747.2081394195557,0.9361736,1551.8038444519043,593.5279816389084,201.0087661743164,67.43590378761292,1652.3082275390625,627.2459335327148,0.9100359,1373.8459167480469,827.3125723600388,167.64678955078125,47.16669487953186,1457.6693115234375,850.8959197998047,0.88575554
103,1534.3930320739746,595.5942492485046,237.02863311767578,68.22157001495361,1652.9073486328125,629.7050342559814,0.9429802,1717.0402450561523,715.0253713130951,203.9457550048828,59.62551927566528,1819.0131225585938,744.8381309509277,0.9265647,1366.7208194732666,830.2874908447266,164.3433952331543,45.5518913269043,1448.8925170898438,853.0634365081787,0.77348137
104,1540.4422874450684,590.0725024938583,173.37055206298828,74.07258152961731,1627.1275634765625,627.108793258667,0.95208234,1734.0527458190918,717.251721739769,187.6581802368164,59.982564210891724,1827.8818359375,747.2430038452148,0.9245278,1339.4863815307617,831.7340168952942,186.71644592285156,44.466124534606934,1432.8446044921875,853.9670791625977,0.83538
105,1491.2756881713867,592.8010751008987,244.87037658691406,70.71811652183533,1613.7108764648438,628.1601333618164,0.9559223,1735.1532382965088,700.8853393793106,185.09720993041992,76.25921702384949,1827.7018432617188,739.0149478912354,0.9326436,1341.8230304718018,828.4522596001625,176.52306747436523,51.0633190870285,1430.0845642089844,853.9839191436768,0.90505576
106,1507.7142734527588,583.5177490711212,181.96427536010742,77.63253164291382,1598.6964111328125,622.3340148925781,0.9563281,1758.9375858306885,709.9971692562103,161.66913986206055,63.98733186721802,1839.7721557617188,741.9908351898193,0.93892723,1323.535348892212,839.1366643309593,187.46220016479492,42.30338108539581,1417.2664489746094,860.2883548736572,0.86460716
107,1745.8291110992432,698.6967018842697,174.60947799682617,71.1910650730133,1833.1338500976562,734.2922344207764,0.9476518,1466.349220275879,588.9887570142746,241.0873260498047,70.79071640968323,1586.8928833007812,624.3841152191162,0.9296106,1314.9028816223145,844.3250505924225,175.9160385131836,34.16102170944214,1402.8609008789062,861.4055614471436,0.8198918
108,1465.5541305541992,578.4147069454193,199.33460998535156,81.54066896438599,1565.221435546875,619.1850414276123,0.9547795,1765.612112045288,707.7909579277039,154.99977493286133,62.86820697784424,1843.1119995117188,739.225061416626,0.9123168,1306.9406547546387,843.6601915955544,163.1813735961914,38.38165462017059,1388.5313415527344,862.8510189056396,0.8099436
109,1428.5704879760742,581.428876876831,248.99867248535156,74.63613510131836,1553.06982421875,618.7469444274902,0.95812386,1296.5308685302734,842.2238863706589,164.93508911132812,44.039196252822876,1378.9984130859375,864.2434844970703,0.91445076,1761.284070968628,691.649411201477,158.68161392211914,74.75514793395996,1840.6248779296875,729.026985168457,0.89469737
110,1427.6458053588867,573.0759533643723,208.57411193847656,84.92888474464417,1531.932861328125,615.5403957366943,0.95977545,1775.9466533660889,696.3368965387344,144.12317276000977,70.75331568717957,1848.0082397460938,731.7135543823242,0.9219177,1301.8859996795654,838.3844672441483,129.3772315979004,53.054521322250366,1366.5746154785156,864.9117279052734,0.91985744
111,1400.498622894287,583.5482457876205,237.98810577392578,72.26369976997375,1519.49267578125,619.6800956726074,0.95267034,1780.9211883544922,685.696101307869,139.66470336914062,80.38194823265076,1850.7535400390625,725.8870754241943,0.91198117,1283.4865550994873,836.3513935804367,152.50656509399414,55.37384247779846,1359.7398376464844,864.0383148193359,0.88459915
112,1388.8152351379395,569.2516103982925,215.71236419677734,85.2075297832489,1496.6714172363281,611.855375289917,0.9622689,1777.1487979888916,678.7594678401947,143.3133659362793,87.70595598220825,1848.8054809570312,722.6124458312988,0.909306,1271.304313659668,830.8184266090393,167.14173889160156,63.1624174118042,1354.8751831054688,862.3996353149414,0.838301
113,1354.426986694336,576.4485876560211,243.64828491210938,75.96825742721558,1476.2511291503906,614.4327163696289,0.9565556,1284.9754371643066,843.0729712843895,146.29076385498047,49.78481304645538,1358.1208190917969,867.9653778076172,0.9333831,1807.7516613006592,652.5741662979126,111.74399185180664,117.13123512268066,1863.6236572265625,711.1397838592529,0.9076892
114,1342.6530990600586,566.519806265831,227.16041564941406,83.37412190437317,1456.2333068847656,608.2068672180176,0.9635111,1776.1207065582275,645.3130316734314,144.23209762573242,127.32125186920166,1848.2367553710938,708.9736576080322,0.92490876,1276.5367813110352,850.8237270712852,146.99217224121094,42.36814033985138,1350.0328674316406,872.0077972412109,0.83943397
115,1326.8467826843262,572.1151313781738,235.0363540649414,77.6942138671875,1444.3649597167969,610.9622383117676,0.95735526,1814.5155601501465,654.2989253997803,105.14087677001953,121.81208038330078,1867.0859985351562,715.2049655914307,0.88997215,1274.092523574829,855.4158260822296,155.39118576049805,38.59869146347046,1351.7881164550781,874.7151718139648,0.84343374
116,1309.1762237548828,554.7651743888855,229.93844604492188,89.70701694488525,1424.1454467773438,599.6186828613281,0.96273106,1774.5596523284912,646.3508920669556,145.19502639770508,115.16275978088379,1847.1571655273438,703.9322719573975,0.91091883,1281.0382118225098,857.7919886112213,145.20696258544922,35.75139570236206,1353.6416931152344,875.6676864624023,0.8770821
117,1293.1214904785156,567.1539351940155,233.8729248046875,79.30321741104126,1410.0579528808594,606.8055438995361,0.94400567,1801.300100326538,652.462170124054,118.85914993286133,111.79679775238037,1860.7296752929688,708.3605690002441,0.90761125,1276.8004188537598,858.7363568544388,153.87718963623047,36.502673864364624,1353.739013671875,876.9876937866211,0.8697101,1865.3543558120728,856.2861170768738,54.74526786804199,66.23136234283447,1892.7269897460938,889.401798248291,0.79212314
118,1268.4405670166016,554.9552260637283,235.82070922851562,89.57142806053162,1386.3509216308594,599.7409400939941,0.969116,1770.9556789398193,676.1225302219391,149.20155715942383,86.27381086349487,1845.5564575195312,719.2594356536865,0.90986997,1822.0801849365234,868.2908509969711,98.35610961914062,75.26636624336243,1871.2582397460938,905.9240341186523,0.8312381,1278.6147136688232,860.1858617663383,150.85669326782227,35.696765542030334,1354.0430603027344,878.0342445373535,0.51673144
119,1269.6705894470215,560.8407672643661,219.04438018798828,77.21975255012512,1379.1927795410156,599.4506435394287,0.958709,1781.982702255249,652.8916765451431,138.39421463012695,104.43549227714539,1851.1798095703125,705.1094226837158,0.9099579,1811.9035148620605,861.5354372262955,107.6429214477539,80.14956164360046,1865.7249755859375,901.6102180480957,0.84361297
120,1230.7227172851562,556.1871678829193,240.92706298828125,84.40624666213989,1351.1862487792969,598.3902912139893,0.93364626,1760.5496234893799,680.9800761938095,160.20214462280273,77.88150715827942,1840.6506958007812,719.9208297729492,0.91097605,1767.507911682129,872.4704686403275,153.3702850341797,73.05130362510681,1844.1930541992188,908.9961204528809,0.9099702,1289.574966430664,862.1341770887375,143.22097778320312,35.27854371070862,1361.1854553222656,879.7734489440918,0.80117816
121,1234.0270385742188,554.0690381526947,233.0419921875,84.90825319290161,1350.5480346679688,596.5231647491455,0.9430416,1767.4700317382812,659.3475015163422,152.63232421875,101.45160341262817,1843.7861938476562,710.0733032226562,0.9063705,1722.1888275146484,867.2576640844345,196.81887817382812,75.5733482837677,1820.5982666015625,905.0443382263184,0.8454184,1298.7227382659912,863.108411192894,138.31831741333008,35.4058735370636,1367.8818969726562,880.8113479614258,0.74397737
122,1192.8797492980957,545.9802242517471,237.7258529663086,89.78033137321472,1311.74267578125,590.8703899383545,0.9628429,1713.0769729614258,880.9890689849854,205.03074645996094,65.2284049987793,1815.5923461914062,913.603271484375,0.9381936,1742.4443664550781,691.2577786445618,178.39764404296875,67.75391292572021,1831.6431884765625,725.1347351074219,0.92696244,1292.5897407531738,868.8028272986412,138.33126068115234,28.781880497932434,1361.75537109375,883.1937675476074,0.66198474
123,1200.9894332885742,548.2302575111389,225.7627716064453,85.88351726531982,1313.8708190917969,591.1720161437988,0.94186926,1750.3054847717285,684.2064356803894,170.19738006591797,75.51941013336182,1835.4041748046875,721.9661407470703,0.9281112,1692.8260688781738,884.7848399877548,228.11409759521484,58.77909779548645,1806.8831176757812,914.174388885498,0.8822803,1304.6384582519531,864.295694231987,132.35760498046875,35.36789345741272,1370.8172607421875,881.9796409606934,0.7968578
124,1141.8720016479492,540.4096183776855,250.2538604736328,92.34139251708984,1266.9989318847656,586.5803146362305,0.96358615,1665.0090866088867,885.6598366498947,230.01502990722656,56.30915665626526,1780.0166015625,913.8144149780273,0.9195063,1723.8107528686523,693.3594192266464,195.0911407470703,66.29549717903137,1821.3563232421875,726.5071678161621,0.91667575,1316.9043445587158,862.7642698287964,121.58584213256836,38.44186592102051,1377.697265625,881.9852027893066,0.7054449
125,1174.3070983886719,538.9588919878006,218.6356201171875,91.67565321922302,1283.6249084472656,584.7967185974121,0.9403174,1734.9429359436035,690.2192841768265,184.11522674560547,70.44620490074158,1827.0005493164062,725.4423866271973,0.92062694,1645.158348083496,888.6588821411133,236.3330841064453,54.0263671875,1763.3248901367188,915.6720657348633,0.8667462,1321.2589702606201,869.8943007588387,117.73218154907227,31.391581892967224,1380.1250610351562,885.5900917053223,0.7978069
126,1122.9755172729492,536.1581121683121,220.4669952392578,88.23275256156921,1233.2090148925781,580.2744884490967,0.962448,1706.6935958862305,695.2553976774216,213.56813049316406,60.865272760391235,1813.4776611328125,725.6880340576172,0.95104986,1624.4191246032715,885.808190703392,218.11951446533203,51.11639142036438,1733.4788818359375,911.3663864135742,0.8585532
127,1716.8877868652344,687.6062386035919,202.43206787109375,69.12653875350952,1818.1038208007812,722.1695079803467,0.9634238,1598.6484832763672,888.2793661952019,226.02053833007812,51.28700888156891,1711.6587524414062,913.9228706359863,0.92451817,1102.1690826416016,528.2918035984039,235.13992309570312,96.5536150932312,1219.7390441894531,576.5686111450195,0.9193662,1324.4520092010498,873.6489679813385,119.92752456665039,29.80497694015503,1384.415771484375,888.551456451416,0.61350703
128,1089.5626487731934,536.9516834020615,204.34503936767578,86.40923237800598,1191.7351684570312,580.1562995910645,0.956058,1685.3839302062988,697.9121428728104,235.08419036865234,62.06499266624451,1802.926025390625,728.9446392059326,0.9330927,1579.149501800537,893.7163610458374,220.15290069580078,38.9644718170166,1689.2259521484375,913.1985969543457,0.86013687,1779.396469116211,620.0418269634247,140.66152954101562,119.39483499526978,1849.7272338867188,679.7392444610596,0.4376465
129,1104.0747871398926,528.4424042701721,182.18795013427734,91.92592906951904,1195.1687622070312,574.4053688049316,0.9559129,1701.775966644287,694.1601873636246,218.38666534423828,67.2712504863739,1810.9692993164062,727.7958126068115,0.9485602,1544.8076934814453,896.1022648215294,233.03659057617188,40.50430977344513,1661.3259887695312,916.354419708252,0.88187355
130,1661.355754852295,688.7705984115601,254.63321685791016,69.23019218444824,1788.67236328125,723.3856945037842,0.9461166,1064.7985496520996,531.5431816577911,183.52832794189453,79.26564931869507,1156.5627136230469,571.1760063171387,0.90280193,1518.1052055358887,894.0011440515518,239.54056549072266,47.28517985343933,1637.87548828125,917.6437339782715,0.8286826
131,1682.439136505127,688.946475148201,232.9365463256836,68.7970712184906,1798.9074096679688,723.3450107574463,0.9617635,1049.3658142089844,519.024937748909,203.644775390625,92.31886839866638,1151.1882019042969,565.1843719482422,0.92994297,1507.3100509643555,896.9865971803665,226.81727600097656,44.41097617149353,1620.7186889648438,919.1920852661133,0.8995393
132,1645.4795036315918,686.3968949317932,225.2358169555664,71.61227703094482,1758.097412109375,722.2030334472656,0.948219,1009.5133895874023,529.2197341918945,197.14906311035156,80.40993118286133,1108.0879211425781,569.4246997833252,0.9302454,1507.978099822998,896.8973987102509,206.8725357055664,38.49443292617798,1611.4143676757812,916.1446151733398,0.81443936
133,1664.2622566223145,690.5183483362198,241.5641098022461,68.17170023918152,1785.0443115234375,724.6041984558105,0.94933283,1022.5653133392334,510.2667603492737,179.0928840637207,102.29111766815186,1112.1117553710938,561.4123191833496,0.88513124,1465.2291412353516,896.5344716906548,219.42929077148438,39.54060709476471,1574.9437866210938,916.3047752380371,0.86157256
134,1624.940860748291,700.3057086467743,217.51036834716797,57.27518320083618,1733.696044921875,728.9433002471924,0.92794406,966.775463104248,525.6784136295319,185.70352935791016,81.09935331344604,1059.6272277832031,566.2280902862549,0.9168087,1465.55859375,899.4201820492744,203.615478515625,31.885786414146423,1567.3663330078125,915.3630752563477,0.8456528
135,946.5177040100098,508.27215600013733,202.82054901123047,103.44142484664917,1047.927978515625,559.9928684234619,0.91082907,1622.3292045593262,697.5484964847565,238.18045806884766,56.24910306930542,1741.41943359375,725.6730480194092,0.87259513,1445.9582405090332,902.6075491905212,190.3055648803711,37.320462226867676,1541.1110229492188,921.2677803039551,0.7501465
136,905.1937637329102,522.6905529499054,203.5250701904297,83.07581090927124,1006.956298828125,564.228458404541,0.92636406,1607.9638366699219,693.7914909124374,232.12811279296875,68.23575139045715,1724.0278930664062,727.909366607666,0.88540494,1438.501121520996,903.5893149375916,187.5640411376953,42.93687915802002,1532.2831420898438,925.0577545166016,0.85680145
137,870.0655059814453,522.9478325843811,243.43002319335938,88.8953504562378,991.780517578125,567.3955078125,0.9505892,1601.5164642333984,699.0554623603821,236.34585571289062,71.35972881317139,1719.6893920898438,734.7353267669678,0.924068,1375.7562046051025,869.8427653312683,115.50248336791992,36.361252784729004,1433.5074462890625,888.0233917236328,0.82978016,1413.1750946044922,909.8203606009483,198.89126586914062,38.994479298591614,1512.6207275390625,929.3176002502441,0.77980155
138,891.3567180633545,501.3404213190079,177.08014297485352,96.96775889396667,979.8967895507812,549.8243007659912,0.947799,1408.1585426330566,899.929869890213,180.19292449951172,42.26939535140991,1498.2550048828125,921.064567565918,0.91935605,1569.460350036621,693.0258768796921,245.3056182861328,65.17136406898499,1692.1131591796875,725.6115589141846,0.90147877
139,867.2235832214355,508.88712108135223,185.1401138305664,102.2326090335846,959.7936401367188,560.0034255981445,0.9428658,1397.7204551696777,912.0405344367027,182.55127716064453,33.40365707874298,1488.99609375,928.7423629760742,0.9162015,1573.5134468078613,709.3374230861664,211.51888275146484,58.05224275588989,1679.2728881835938,738.3635444641113,0.8957399
140,774.4601554870605,508.7171151638031,271.5409927368164,88.59471559524536,910.2306518554688,553.0144729614258,0.93528265,1562.3044967651367,694.9770004749298,233.30763244628906,65.45614385604858,1678.9583129882812,727.7050724029541,0.9039002,1382.128818511963,905.6115063428879,164.04485321044922,34.17771363258362,1464.1512451171875,922.7003631591797,0.84113896
141,807.3038291931152,496.1755553483963,187.72657012939453,97.92230772972107,901.1671142578125,545.1367092132568,0.9558834,1532.7572708129883,695.534206867218,215.06675720214844,61.82119274139404,1640.2906494140625,726.444803237915,0.9210729,1363.5211544036865,907.1439011693001,179.95695877075195,34.885697722435,1453.4996337890625,924.5867500305176,0.8778624
142,732.3468933105469,496.2646186351776,264.9312744140625,92.14393472671509,864.8125305175781,542.3365859985352,0.9472763,1543.5174751281738,686.5727523565292,231.32906341552734,66.90904927253723,1659.1820068359375,720.0272769927979,0.9309673,1349.5773639678955,892.2034648060799,170.83306503295898,51.10630738735199,1434.993896484375,917.7566184997559,0.8427837
143,731.638744354248,489.2045177221298,214.1073989868164,98.29805302619934,838.6924438476562,538.3535442352295,0.9605944,1504.4475173950195,681.7996798753738,213.95018005371094,68.53556227684021,1611.422607421875,716.067461013794,0.94383144,1337.8305530548096,904.3416295051575,185.29848861694336,36.6179723739624,1430.4797973632812,922.6506156921387,0.8624792
144,681.2947883605957,493.65388083457947,277.8446273803711,90.93140459060669,820.2171020507812,539.1195831298828,0.9636427,1519.137508392334,696.5877614021301,219.26758575439453,62.08568859100342,1628.7713012695312,727.6306056976318,0.8883127,1322.9630584716797,910.1120524406433,186.88192749023438,35.442933082580566,1416.4040222167969,927.8335189819336,0.8754695
145,659.0725708007812,491.8400037288666,231.54180908203125,90.6764874458313,774.8434753417969,537.1782474517822,0.9605623,1456.8195419311523,678.4074214696884,239.2045440673828,74.08319020271301,1576.4218139648438,715.4490165710449,0.9460977,1299.3404731750488,901.7990224957466,222.9349594116211,43.27594792842865,1410.8079528808594,923.4369964599609,0.6787124
146,1472.7248840332031,689.5779422521591,237.04705810546875,74.8746178150177,1591.2484130859375,727.015251159668,0.9574261,618.2435531616211,507.4245693683624,265.18190002441406,88.73909139633179,750.8345031738281,551.7941150665283,0.9558427,1311.2207622528076,914.7751532793045,168.98559951782227,38.958375692367554,1395.7135620117188,934.2543411254883,0.8477826
147,627.9222564697266,478.7302973270416,243.49411010742188,103.08577680587769,749.6693115234375,530.2731857299805,0.9666931,1396.322696685791,682.0710024833679,263.9387741088867,70.01783466339111,1528.2920837402344,717.0799198150635,0.9344639,1300.5049266815186,906.62672996521,148.32992935180664,42.28400802612305,1374.6698913574219,927.7687339782715,0.9234893
148,554.9257049560547,486.9416710138321,268.16290283203125,90.4864776134491,689.0071563720703,532.1849098205566,0.95954245,1312.7784976959229,897.225025177002,144.95563888549805,52.67463684082031,1385.2563171386719,923.5623435974121,0.94501543,1439.7339363098145,669.7617616653442,202.1894760131836,79.5706615447998,1540.8286743164062,709.5470924377441,0.942932
149,1433.5957145690918,678.3688942193985,220.4461441040039,78.67521357536316,1543.8187866210938,717.7065010070801,0.9446625,530.1304664611816,494.1383811235428,259.27974700927734,86.33763670921326,659.7703399658203,537.3071994781494,0.94404685,1289.868450164795,904.2540870308876,161.43473052978516,51.541584849357605,1370.5858154296875,930.0248794555664,0.94063973
150,534.7797088623047,462.3661712408066,248.30337524414062,105.49887013435364,658.931396484375,515.1156063079834,0.9649918,1376.4492874145508,676.2051723003387,229.47093200683594,71.13927698135376,1491.1847534179688,711.7748107910156,0.9173425,1270.6708602905273,892.6659092903137,179.81886291503906,58.35215663909912,1360.5802917480469,921.8419876098633,0.89422256
151,1385.846591949463,669.4916557073593,230.53173065185547,77.60084080696106,1501.1124572753906,708.2920761108398,0.9475941,476.34066009521484,481.4912849664688,243.5639190673828,90.29119563102722,598.1226196289062,526.6368827819824,0.94373155,1286.8517475128174,909.1191405057907,129.40673446655273,42.76646447181702,1351.5551147460938,930.5023727416992,0.89233184
152,470.7868881225586,459.8859658241272,261.4694366455078,111.24947261810303,601.5216064453125,515.5107021331787,0.95576674,1336.2234420776367,676.0793327093124,237.9641876220703,69.48448491096497,1455.2055358886719,710.8215751647949,0.9214728,1277.015962600708,910.5126231908798,163.13714218139648,40.755271196365356,1358.5845336914062,930.8902587890625,0.85445416
153,414.9471015930176,471.1876916885376,242.14876556396484,95.82644462585449,536.021484375,519.1009140014648,0.94113857,1333.8118171691895,660.6672030687332,239.46187591552734,88.03141951560974,1453.5427551269531,704.6829128265381,0.894111,1271.7358932495117,915.373761177063,176.86354064941406,36.18633842468262,1360.1676635742188,933.4669303894043,0.74984723
154,400.96710205078125,452.4690935611725,265.23797607421875,111.95751142501831,533.5860900878906,508.44784927368164,0.9643784,1301.297264099121,672.3376994132996,238.8529815673828,76.82664585113525,1420.7237548828125,710.7510223388672,0.90387255,1280.9374294281006,916.104345023632,165.08540725708008,34.41947615146637,1363.4801330566406,933.3140830993652,0.784415
155,365.2270088195801,468.70338249206543,226.2290267944336,91.52091979980469,478.3415222167969,514.4638423919678,0.94162494,1300.8840980529785,661.4099614620209,241.64037322998047,81.03454256057739,1421.7042846679688,701.9272327423096,0.9384324,1293.207326889038,915.7812150120735,144.16359329223633,34.22775399684906,1365.2891235351562,932.895092010498,0.8532832,1589.3375129699707,869.9657998681068,135.3427963256836,37.87951934337616,1657.0089111328125,888.9055595397949,0.8179988
156,1297.1380805969238,662.6255460977554,233.3752670288086,79.26018404960632,1413.8257141113281,702.2556381225586,0.94893175,318.3735466003418,465.6031619310379,248.11438751220703,95.6011712551117,442.4307403564453,513.4037475585938,0.9030541,1298.651258468628,917.861977815628,137.33554458618164,30.173139095306396,1367.3190307617188,932.9485473632812,0.7533086
157,321.0820999145508,427.8552725315094,273.0823516845703,133.52834272384644,457.62327575683594,494.6194438934326,0.96591294,1250.64595413208,666.8855527639389,261.4988021850586,70.64747357368469,1381.3953552246094,702.2092895507812,0.9192044,1617.9351482391357,861.5354179143906,125.31842422485352,50.68262028694153,1680.5943603515625,886.8767280578613,0.8103562,1304.4579219818115,919.3369277715683,142.0147590637207,28.15247654914856,1375.4653015136719,933.4131660461426,0.48756996
158,296.8367500305176,434.6124050617218,253.5161361694336,129.0138373374939,423.5948181152344,499.11932373046875,0.9636762,1247.65913772583,651.5303159952164,229.7116928100586,84.23729968070984,1362.5149841308594,693.6489658355713,0.9372955,1638.3210353851318,864.7369841337204,101.36012649536133,46.47723412513733,1689.0010986328125,887.9756011962891,0.86770487
159,263.67274475097656,410.7121331691742,265.0503845214844,159.93021440505981,396.19793701171875,490.6772403717041,0.95756257,1224.1991386413574,665.1354821920395,216.1336441040039,72.21240735054016,1332.2659606933594,701.2416858673096,0.92437774,1641.9198989868164,864.7033476233482,113.55436706542969,44.76328003406525,1698.6970825195312,887.0849876403809,0.8803027,1307.288372039795,919.7192053198814,131.6886978149414,30.017842411994934,1373.1327209472656,934.7281265258789,0.4347219
160,1209.2615776062012,646.9412248134613,241.8650894165039,82.8783917427063,1330.1941223144531,688.3804206848145,0.9566986,259.60242462158203,419.42115211486816,255.30043029785156,147.91899490356445,387.2526397705078,493.3806495666504,0.94095516,1663.2764225006104,873.278369307518,120.1999626159668,34.73464322090149,1723.3764038085938,890.6456909179688,0.8303192
161,1186.7817649841309,659.1100133657455,203.70014190673828,74.25617337226868,1288.6318359375,696.2381000518799,0.9579816,224.2583885192871,404.3410906791687,245.4067153930664,163.59899997711182,346.9617462158203,486.1405906677246,0.93902385,1669.871171951294,873.2411359548569,129.2449607849121,34.05888104438782,1734.49365234375,890.2705764770508,0.91678107,1314.097812652588,912.9372682571411,137.05803680419922,38.11196708679199,1382.6268310546875,931.9932518005371,0.8735165
162,232.14486694335938,421.13601064682007,240.53036499023438,153.62725925445557,352.41004943847656,497.94964027404785,0.95742846,1165.8582229614258,651.5785828828812,247.0895233154297,82.41999793052673,1289.4029846191406,692.7885818481445,0.9400279,1670.888614654541,874.6342871189117,146.66100311279297,31.37166166305542,1744.2191162109375,890.3201179504395,0.81990683,1325.4024810791016,912.0096917152405,107.20706176757812,38.66276836395264,1379.0060119628906,931.3410758972168,0.41436464
163,183.03070449829102,406.0021011829376,258.7529525756836,155.05668783187866,312.4071807861328,483.53044509887695,0.9497568,1154.4890098571777,657.147469997406,206.29566192626953,74.51045322418213,1257.6368408203125,694.4026966094971,0.91859865,1287.8375873565674,917.9574510455132,180.93426132202148,34.553191781044006,1378.3047180175781,935.2340469360352,0.81004524,1688.51704788208,876.1909940242767,142.31783294677734,29.18604326248169,1759.6759643554688,890.7840156555176,0.7384641
164,190.66494369506836,434.1455397605896,276.24378204345703,124.97426319122314,328.7868347167969,496.6326713562012,0.96680707,1110.1938972473145,645.6175321340561,257.9436264038086,82.80212903022766,1239.1657104492188,687.0185966491699,0.947064,1702.0889053344727,876.2987174391747,138.9796600341797,29.506797909736633,1771.5787353515625,891.052116394043,0.87917715,1327.3794651031494,918.1679443717003,132.96635055541992,33.92971336841583,1393.8626403808594,935.1328010559082,0.82569575
165,163.7131118774414,405.84091114997864,281.2210235595703,141.98124074935913,304.32362365722656,476.8315315246582,0.9573869,1129.5730819702148,642.8416324853897,200.81227111816406,82.30255579948425,1229.9792175292969,683.9929103851318,0.9090622,1712.1513347625732,877.5230053067207,131.83588027954102,28.227854132652283,1778.0692749023438,891.6369323730469,0.55221546
166,159.42547988891602,432.90484642982483,293.31461334228516,112.85863065719604,306.0827865600586,489.33416175842285,0.96222717,1088.185203552246,641.844375371933,238.05482482910156,83.79114961624146,1207.2126159667969,683.7399501800537,0.95057017,1722.2421970367432,876.503887116909,134.50388717651367,29.059173703193665,1789.494140625,891.0334739685059,0.8096128,1330.368501663208,920.0132789611816,143.13836288452148,29.26654815673828,1401.9376831054688,934.6465530395508,0.65255
167,160.2667694091797,412.33961820602417,283.9379425048828,133.51548099517822,302.2357406616211,479.0973587036133,0.9626931,1086.3885955810547,640.9317172765732,175.97488403320312,76.70796132087708,1174.3760375976562,679.2856979370117,0.93635315,1738.0470542907715,875.9645892977715,140.63330841064453,29.707242608070374,1808.3637084960938,890.8182106018066,0.88995385
168,142.9976921081543,417.17681908607483,299.2979965209961,130.0597186088562,292.64669036865234,482.20667839050293,0.96665066,1062.1920719146729,640.162495136261,190.4970817565918,73.46189403533936,1157.4406127929688,676.8934421539307,0.9500878,1744.8444156646729,876.352104395628,141.8426628112793,26.907706797122955,1815.7657470703125,889.8059577941895,0.8786938
169,134.39336013793945,423.55771708488464,321.99451446533203,126.8980507850647,295.39061737060547,487.006742477417,0.9426883,1035.605323791504,645.6383793354034,217.4498748779297,74.5307822227478,1144.3302612304688,682.9037704467773,0.91519105,1761.2617950439453,875.9541319012642,129.39486694335938,28.372719168663025,1825.959228515625,890.1404914855957,0.8424148,1348.0417213439941,920.9984790086746,123.07280731201172,30.957685232162476,1409.578125,936.4773216247559,0.7007971
170,159.8389434814453,441.4724668264389,259.3417510986328,104.0165913105011,289.5098190307617,493.48076248168945,0.95238185,1020.3196392059326,628.1268332004547,188.41931533813477,89.74212598800659,1114.529296875,672.997896194458,0.94675314,1767.2461566925049,875.4246284365654,135.66051864624023,28.45511019229889,1835.076416015625,889.6521835327148,0.8966458
171,153.17517471313477,453.6200670003891,284.52770233154297,103.18756985664368,295.43902587890625,505.21385192871094,0.95897764,999.832426071167,637.1183338165283,178.63562393188477,92.08462142944336,1089.1502380371094,683.16064453125,0.93480635,1783.5720291137695,875.649499475956,124.03001403808594,28.49975287914276,1845.5870361328125,889.8993759155273,0.8354164,1357.1532955169678,927.1434643864632,124.23357009887695,26.08142602443695,1419.2700805664062,940.1841773986816,0.65750825
172,166.85528182983398,427.35201716423035,300.5874252319336,120.9610047340393,317.1489944458008,487.83251953125,0.96078914,947.459358215332,635.2275567054749,230.03819274902344,75.29410457611084,1062.4784545898438,672.8746089935303,0.9483953,1784.8292026519775,873.7209788560867,131.06388473510742,31.128659963607788,1850.3611450195312,889.2853088378906,0.9093965
173,159.44360733032227,447.99718058109283,285.3892135620117,101.12522578239441,302.1382141113281,498.55979347229004,0.9620164,960.6267356872559,622.4379805326462,170.79022979736328,84.52869057655334,1046.0218505859375,664.7023258209229,0.94650364,1806.2417106628418,870.7474250793457,113.6817398071289,35.33161926269531,1863.0825805664062,888.4132347106934,0.9048505,1359.1158485412598,915.5538640022278,121.46495819091797,33.7011022567749,1419.8483276367188,932.4044151306152,0.85751784
174,177.86476135253906,437.7066807746887,289.3854217529297,117.05787563323975,322.5574722290039,496.2356185913086,0.96735585,889.9979667663574,636.669673204422,233.72623443603516,72.31871938705444,1006.861083984375,672.8290328979492,0.9327125,1826.4128923416138,869.7611612677574,91.99159812927246,35.72602951526642,1872.40869140625,887.6241760253906,0.8879208,1374.8812294006348,915.7003625035286,118.18920135498047,36.835633635520935,1433.975830078125,934.1181793212891,0.83853143
175,169.37120819091797,453.46671438217163,284.0155792236328,97.91421604156494,311.3789978027344,502.4238224029541,0.9550389,877.8664398193359,616.8258798122406,196.88699340820312,92.24317216873169,976.3099365234375,662.9474658966064,0.938553,1838.1610679626465,862.8737457990646,82.40467071533203,42.229490518569946,1879.3634033203125,883.9884910583496,0.87386924,1383.5490760803223,915.6100004911423,99.72338104248047,35.17683434486389,1433.4107666015625,933.1984176635742,0.8353029
176,188.26078033447266,440.91371870040894,294.76405334472656,117.36166477203369,335.64280700683594,499.5945510864258,0.9583305,834.9365615844727,630.8538769483566,233.64939880371094,84.23705506324768,951.7612609863281,672.9724044799805,0.94311225,1857.276460647583,859.6397355794907,62.214900970458984,44.08963894844055,1888.3839111328125,881.6845550537109,0.84210646,1379.542064666748,915.6666310429573,140.57315826416016,37.7637380361557,1449.8286437988281,934.5485000610352,0.5144857
177,856.0218772888184,611.2398662567139,214.89704132080078,90.8884162902832,963.4703979492188,656.6840744018555,0.96083134,200.23229598999023,438.56508207321167,290.3101272583008,107.70468235015869,345.3873596191406,492.417423248291,0.95768094,1848.636474609375,851.7414336204529,70.8544921875,52.63382434844971,1884.063720703125,878.0583457946777,0.80907214,1383.0199813842773,912.4702275395393,119.89137268066406,33.846768736839294,1442.9656677246094,929.393611907959,0.7316898
178,183.39643478393555,441.59417366981506,278.5019760131836,113.76901960372925,322.64742279052734,498.4786834716797,0.9619486,784.3857650756836,623.9353258609772,234.26673889160156,82.23303937911987,901.5191345214844,665.0518455505371,0.9315648,1402.3630485534668,919.0815680623055,121.30496978759766,30.913058638572693,1463.0155334472656,934.5380973815918,0.7159169,1875.8825798034668,862.861279964447,44.133155822753906,56.063618659973145,1897.9491577148438,890.8930892944336,0.57026845
179,177.97576904296875,453.3780083656311,280.51112365722656,112.65558528900146,318.23133087158203,509.70580101013184,0.9576991,752.8818969726562,632.200080871582,233.0687255859375,78.88743209838867,869.416259765625,671.6437969207764,0.95449543
180,226.87051391601562,455.6719665527344,259.1256866455078,103.35484313964844,356.43335723876953,507.3493881225586,0.96026784,759.8802337646484,611.6717931032181,232.06027221679688,95.37730765342712,875.9103698730469,659.3604469299316,0.9524063,1418.1733531951904,925.2747382521629,125.93375015258789,26.735565304756165,1481.1402282714844,938.642520904541,0.6857522
181,199.58615112304688,474.9015254974365,286.96266174316406,96.5481948852539,343.0674819946289,523.1756229400635,0.94575804,704.761116027832,623.8973071575165,262.3506317138672,86.73742532730103,835.9364318847656,667.266019821167,0.94488585,1434.4533805847168,930.529494702816,107.5839614868164,27.30789291858673,1488.245361328125,944.1834411621094,0.63981766
182,237.2054214477539,438.310364484787,261.45542907714844,121.60875177383423,367.9331359863281,499.1147403717041,0.9662474,663.4762115478516,607.8547661304474,280.1886291503906,90.66554403305054,803.5705261230469,653.1875381469727,0.9593978
183,647.9299278259277,610.4477112293243,252.32508087158203,88.02923727035522,774.0924682617188,654.462329864502,0.95752144,216.88783264160156,454.3566198348999,305.4272918701172,108.39432334899902,369.60147857666016,508.5537815093994,0.9550504
184,629.4989433288574,621.1336995363235,257.74637603759766,91.15845465660095,758.3721313476562,666.712926864624,0.9546649,232.09301376342773,475.7900276184082,249.13492584228516,97.23065185546875,356.6604766845703,524.4053535461426,0.93607783,1481.896951675415,930.3456244468689,117.93192672729492,27.352017402648926,1540.8629150390625,944.0216331481934,0.58199257
185,565.6860237121582,613.4955611228943,294.82518768310547,90.34312534332275,713.0986175537109,658.6671237945557,0.9581859,234.74695587158203,460.3537001609802,264.60658264160156,111.1693925857544,367.0502471923828,515.9383964538574,0.9497499
186,568.5522880554199,611.0719170570374,218.09772491455078,86.10084056854248,677.6011505126953,654.1223373413086,0.95697397,257.5000190734863,469.56703984737396,291.8638229370117,97.01481556892395,403.4319305419922,518.0744476318359,0.95672894
187,244.26920700073242,455.32704305648804,280.61038970947266,111.37569522857666,384.57440185546875,511.01489067077637,0.9640456,513.6942443847656,597.3563092947006,283.5438537597656,91.00963711738586,655.4661712646484,642.8611278533936,0.9633849
188,274.0470314025879,477.3564387559891,289.43639373779297,92.0126588344574,418.7652282714844,523.3627681732178,0.9648201,501.298885345459,602.8549911975861,228.93628692626953,82.7086272239685,615.7670288085938,644.2093048095703,0.92626786,1539.4903106689453,924.2185975313187,107.06845092773438,25.985976934432983,1593.0245361328125,937.2115859985352,0.4640796
189,263.40799713134766,473.3702105283737,303.8152313232422,98.76120400428772,415.31561279296875,522.7508125305176,0.96608204,484.9947395324707,601.0686625242233,210.41658782958984,83.94974541664124,590.2030334472656,643.043535232544,0.95741206
190,293.5097465515137,473.2675709724426,250.7618179321289,100.86770153045654,418.8906555175781,523.7014217376709,0.96181005,393.3932991027832,595.9832907915115,306.6112289428711,93.25830245018005,546.6989135742188,642.6124420166016,0.93809074
191,293.4393997192383,469.5244892835617,308.23475646972656,104.51424622535706,447.55677795410156,521.7816123962402,0.9656212,426.6759796142578,586.5767934322357,213.596923828125,94.0745587348938,533.4744415283203,633.6140727996826,0.95698816,1582.2651557922363,923.3636088073254,108.92232513427734,25.73345285654068,1636.726318359375,936.2303352355957,0.4896622
192,321.03459548950195,476.43091571331024,238.3363265991211,94.00357460975647,440.2027587890625,523.4327030181885,0.9652161,340.72729110717773,580.4104506969452,296.8792190551758,101.91266870498657,489.1669006347656,631.3667850494385,0.9339806,1594.4981174468994,914.9108564257622,101.54746627807617,34.70717203617096,1645.2718505859375,932.2644424438477,0.85581726
193,303.6481475830078,479.40558636188507,311.71453857421875,101.45587134361267,459.5054168701172,530.1335220336914,0.9763449,351.97730255126953,587.592190861702,252.7030792236328,86.59378981590271,478.32884216308594,630.8890857696533,0.94930893,1607.7008056640625,914.8963789343834,126.3226318359375,40.50724518299103,1670.8621215820312,935.1500015258789,0.8435805
194,344.16154861450195,484.12822580337524,239.23812103271484,97.07638835906982,463.7806091308594,532.6664199829102,0.96577823,294.25395584106445,577.3205555677414,284.8435592651367,107.6646101474762,436.6757354736328,631.1528606414795,0.9476321,1619.9553852081299,910.2949393987656,107.36596298217773,46.053324937820435,1673.6383666992188,933.3216018676758,0.8380871
195,332.22241973876953,478.26479029655457,308.7718963623047,98.22661828994751,486.6083679199219,527.3780994415283,0.9656822,306.154541015625,555.92542719841,266.3171081542969,121.82720804214478,439.31309509277344,616.8390312194824,0.9428801,1616.8640670776367,910.4616027474403,147.21766662597656,45.42480933666229,1690.472900390625,933.1740074157715,0.85671467
196,372.87696075439453,490.713858962059,231.42091369628906,89.84505200386047,488.58741760253906,535.6363849639893,0.96216524,265.26433181762695,564.0954122543335,239.05171966552734,125.58902549743652,384.7901916503906,626.8899250030518,0.95810854,1646.336259841919,907.421995818615,105.86715316772461,51.36621344089508,1699.2698364257812,933.1051025390625,0.88929623
197,350.3760681152344,486.1615376472473,298.9747009277344,94.73928737640381,499.86341857910156,533.5311813354492,0.9706364,234.37939453125,544.7407057285309,277.15155029296875,147.39449644088745,372.9551696777344,618.4379539489746,0.9587193,1654.9421768188477,913.7809619307518,145.5879364013672,42.624576687812805,1727.7361450195312,935.0932502746582,0.8791084
198,359.52852630615234,493.09854769706726,294.51658630371094,97.50244760513306,506.7868194580078,541.8497714996338,0.95952535,226.26500701904297,560.5557010173798,243.8744659423828,139.65235376358032,348.2022399902344,630.3818778991699,0.95882887,1663.6171703338623,913.7376083135605,142.4901466369629,42.31680607795715,1734.8622436523438,934.8960113525391,0.8302759
199,181.59238815307617,550.466518163681,303.06104278564453,150.4556393623352,333.12290954589844,625.6943378448486,0.9695989,389.2309112548828,506.2227187156677,243.70751953125,86.56303882598877,511.0846710205078,549.5042381286621,0.95322555,1683.0611171722412,926.7469491362572,145.08443069458008,31.044180035591125,1755.6033325195312,942.2690391540527,0.90790874
200,393.7162399291992,488.70914804935455,293.6418914794922,95.36760020256042,540.5371856689453,536.3929481506348,0.9664963,206.2148323059082,562.1491777896881,232.67845916748047,126.32361173629761,322.55406188964844,625.3109836578369,0.96430635,1707.7381210327148,920.8545956611633,114.97407531738281,32.256056785583496,1765.2251586914062,936.9826240539551,0.88532954
201,147.85537719726562,537.6732244491577,267.7231750488281,147.7987461090088,281.7169647216797,611.5725975036621,0.95529187,438.80763244628906,496.3814685344696,217.74655151367188,83.24047708511353,547.680908203125,538.0017070770264,0.9374613,1709.0357208251953,921.3869508504868,117.88742065429688,29.9452908039093,1767.9794311523438,936.3595962524414,0.78578633
202,407.79907608032227,490.97704803943634,296.0116195678711,97.10832381248474,555.8048858642578,539.5312099456787,0.9602673,167.67568588256836,560.7548260688782,280.2580032348633,113.14523220062256,307.8046875,617.3274421691895,0.9570686,1712.2804527282715,921.1007645130157,146.04151153564453,28.367501735687256,1785.3012084960938,935.2845153808594,0.7897116
203,461.23225021362305,500.1644614934921,220.4183120727539,94.11123204231262,571.44140625,547.2200775146484,0.9593152,121.47596740722656,556.8610117435455,305.68162536621094,118.48431730270386,274.31678009033203,616.1031703948975,0.95534277,1731.264295578003,924.7869324088097,121.23801040649414,27.63557732105255,1791.88330078125,938.6047210693359,0.7505733
204,118.90592193603516,576.552080154419,311.30506896972656,103.11702346801758,274.55845642089844,628.1105918884277,0.95941055,423.49452209472656,501.1633440256119,296.8370361328125,97.7128894329071,571.9130401611328,550.0197887420654,0.95841897,1736.9799613952637,922.7745739817619,140.73648834228516,28.704285264015198,1807.3482055664062,937.1267166137695,0.75992745
205,103.9068832397461,568.8300733566284,335.3030090332031,114.1497859954834,271.55838775634766,625.9049663543701,0.9617482,454.6373634338379,511.46606826782227,242.46251678466797,89.09256362915039,575.8686218261719,556.0123500823975,0.9455123,1758.2933349609375,926.8113414645195,118.9368896484375,24.875455498695374,1817.7617797851562,939.2490692138672,0.5042622
206,463.7507743835449,502.7208813428879,273.29761505126953,96.00145554542542,600.3995819091797,550.7216091156006,0.96421677,129.4800796508789,582.2542773485184,288.183837890625,93.57429671287537,273.5719985961914,629.041425704956,0.9492535,1763.1298999786377,923.3037555813789,138.0365867614746,27.26483380794525,1832.148193359375,936.9361724853516,0.69207823
207,462.4252281188965,505.06789577007294,277.8102493286133,95.54100823402405,601.3303527832031,552.838399887085,0.96508694,143.10100936889648,569.1214256286621,290.1309127807617,108.97270202636719,288.16646575927734,623.6077766418457,0.95386064,1777.56693649292,922.3823765516281,127.21158599853516,30.336138010025024,1841.1727294921875,937.5504455566406,0.4546829
208,517.0914916992188,503.06924879550934,218.11669921875,92.2336642742157,626.1498413085938,549.1860809326172,0.9655912,96.67001724243164,575.925151348114,332.5832748413086,100.07632541656494,262.96165466308594,625.9633140563965,0.9550955,1779.129295349121,916.1217836737633,135.9077911376953,38.642693638801575,1847.0831909179688,935.4431304931641,0.75520426
209,105.42545700073242,566.4207329750061,341.41687774658203,107.81308650970459,276.13389587402344,620.3272762298584,0.9634606,526.9156265258789,504.0592768192291,241.9866485595703,90.37040662765503,647.9089508056641,549.2444801330566,0.9623418,1793.145544052124,918.5224015116692,125.83098220825195,38.29710066318512,1856.06103515625,937.6709518432617,0.73569924
210,510.69631576538086,515.5171233415604,256.4623489379883,87.46514296531677,638.927490234375,559.2496948242188,0.9543354,141.58616638183594,586.2573680877686,282.5808563232422,89.02685165405273,282.87659454345703,630.7707939147949,0.94528866,1814.231580734253,904.399603843689,104.65561294555664,50.80910682678223,1866.5593872070312,929.8041572570801,0.8745466
211,128.2855339050293,580.4670796394348,325.4096145629883,101.55201244354248,290.99034118652344,631.243085861206,0.9547766,555.7420349121094,515.2352306842804,231.98565673828125,83.56957769393921,671.73486328125,557.02001953125,0.8953139,1824.9264163970947,914.021974503994,96.38288497924805,39.601619839668274,1873.1178588867188,933.8227844238281,0.88186866
212,555.1641311645508,511.5563417673111,249.54734802246094,93.60928988456726,679.9378051757812,558.3609867095947,0.9416594,147.9547119140625,586.9486119747162,281.76329040527344,91.4667820930481,288.8363571166992,632.6820030212402,0.94057536,1853.5613136291504,906.3123949170113,66.64592742919922,50.249760031700134,1886.88427734375,931.4372749328613,0.9113543
213,144.98598861694336,577.8160893917084,322.7369155883789,104.76985216140747,306.3544464111328,630.2010154724121,0.96177554,575.3954315185547,501.323011636734,230.05709838867188,109.12571668624878,690.4239807128906,555.8858699798584,0.9508357,1846.9297199249268,909.6104900836945,73.97356796264648,41.485692501068115,1883.91650390625,930.3533363342285,0.9015159
214,156.84146118164062,594.2767460346222,278.63914489746094,89.08124685287476,296.1610336303711,638.8173694610596,0.9485427,575.5133743286133,519.5405849218369,275.18824768066406,88.68422627449036,713.1074981689453,563.882698059082,0.923529,1876.2970089912415,903.0638428330421,44.37473201751709,51.01715075969696,1898.484375,928.5724182128906,0.6824172
215,166.5718002319336,584.3411765098572,310.7456359863281,99.75095844268799,321.94461822509766,634.2166557312012,0.95447695,632.2541427612305,519.1553285121918,228.83399963378906,89.12576723098755,746.671142578125,563.7182121276855,0.9498824,1874.0688743591309,904.0728303194046,46.46857452392578,45.397788763046265,1897.3031616210938,926.7717247009277,0.6419087
216,614.2616386413574,520.6468867063522,245.97928619384766,89.65772652626038,737.2512817382812,565.4757499694824,0.96085805,163.7051124572754,594.5304400920868,278.48815155029297,90.16165781021118,302.9491882324219,639.6112689971924,0.95064074
217,177.36565017700195,582.2014625072479,308.0195846557617,104.31898355484009,331.3754425048828,634.360954284668,0.9537172,670.1218185424805,527.1873911619186,233.66725158691406,76.18780159950256,786.9554443359375,565.2812919616699,0.9442073
218,219.41594696044922,578.2445368766785,267.21336364746094,106.30495548248291,353.0226287841797,631.3970146179199,0.9520084,675.4051208496094,531.8695657253265,243.75421142578125,74.70899248123169,797.2822265625,569.2240619659424,0.9437783
219,717.9107437133789,523.8275349140167,216.28733825683594,79.11311101913452,826.0544128417969,563.384090423584,0.9634242,176.29436874389648,592.9760538339615,307.3524856567383,94.56396746635437,329.9706115722656,640.2580375671387,0.9254364
220,219.57441329956055,576.5086090564728,269.18314361572266,112.9906210899353,354.1659851074219,633.0039196014404,0.9529617,715.6907043457031,529.5874392986298,247.89825439453125,73.10548639297485,839.6398315429688,566.1401824951172,0.93866974
221,774.412525177002,515.6691627502441,211.90853118896484,86.5246467590332,880.3667907714844,558.9314861297607,0.9563771,190.93263244628906,583.6943500041962,311.2200164794922,100.62695932388306,346.54264068603516,634.0078296661377,0.94799817
222,240.00835418701172,585.8381838798523,267.9465637207031,100.70182514190674,373.9816360473633,636.1890964508057,0.96790725,785.9179000854492,529.1842002868652,224.42481994628906,79.9471664428711,898.1303100585938,569.1577835083008,0.9305263
223,819.9076080322266,516.1342899799347,211.49624633789062,84.00360631942749,925.6557312011719,558.1360931396484,0.9559871,199.23788452148438,592.3401160240173,312.2143249511719,80.77193927764893,355.3450469970703,632.7260856628418,0.90871924
224,261.97797775268555,591.9218716621399,265.83789825439453,85.37883281707764,394.8969268798828,634.6112880706787,0.9470008,823.3908805847168,529.119276881218,243.4094009399414,69.89237809181213,945.0955810546875,564.065465927124,0.9364297
225,877.7557411193848,518.1813519001007,208.08483123779297,86.37315130233765,981.7981567382812,561.3679275512695,0.9544101,213.86359405517578,599.8296943902969,324.83958435058594,91.9538733959198,376.28338623046875,645.8066310882568,0.9432085
226,870.4892578125,528.619748711586,245.2298583984375,82.61546015739441,993.1041870117188,569.9274787902832,0.9466736,276.52563858032227,590.6002421379089,261.2369613647461,91.82854557037354,407.1441192626953,636.5145149230957,0.9352526
227,934.7433700561523,513.2680814266205,211.3926544189453,89.45999193191528,1040.439697265625,557.9980773925781,0.95369786,232.45342254638672,601.2663488388062,326.49082946777344,90.72315788269043,395.69883728027344,646.6279277801514,0.9291131
228,298.420955657959,576.8931090831757,260.9963150024414,119.15547037124634,428.9191131591797,636.4708442687988,0.9569342,930.400074005127,530.6483227014542,239.38167572021484,76.65740275382996,1050.0909118652344,568.9770240783691,0.88725376
229,981.4018936157227,512.6132887601852,224.7092742919922,91.84558510780334,1093.7565307617188,558.5360813140869,0.95838773,252.02850723266602,607.6160967350006,333.25618743896484,83.67056608200073,418.65660095214844,649.451379776001,0.91964287
230,318.37996673583984,593.5148881673813,251.55226135253906,105.99495434761047,444.1560974121094,646.5123653411865,0.9431383,987.9845237731934,535.5682847499847,230.44855499267578,65.62673234939575,1103.2088012695312,568.3816509246826,0.9238504
231,1030.6999397277832,518.8900988101959,242.9612045288086,84.67457914352417,1152.1805419921875,561.227388381958,0.94116855,272.23989486694336,617.7463399171829,334.99500274658203,82.92530035972595,439.7373962402344,659.2089900970459,0.9233938
232,347.3643379211426,605.1757349967957,236.41243743896484,94.00703144073486,465.570556640625,652.1792507171631,0.9573913,1046.3574714660645,532.2641755342484,231.19063568115234,80.68326544761658,1161.9527893066406,572.6058082580566,0.91111344
233,305.7100524902344,630.7666676044464,326.1600036621094,79.55713033676147,468.79005432128906,670.5452327728271,0.951097,1077.0124626159668,527.98073387146,231.6225357055664,73.26246643066406,1192.82373046875,564.611967086792,0.892902
234,353.731143951416,609.4618256092072,242.80071258544922,89.95043706893921,475.1315002441406,654.4370441436768,0.9628047,1102.0322227478027,532.2050135135651,223.48322296142578,73.43700742721558,1213.7738342285156,568.9235172271729,0.9041551
235,329.5155143737793,622.2930961847305,317.82556915283203,78.4315230846405,488.4282989501953,661.5088577270508,0.9341168,1137.4677772521973,515.3154909610748,207.00542449951172,91.20612287521362,1240.9704895019531,560.9185523986816,0.9159562
236,392.41942977905273,613.3335406780243,235.4974136352539,82.55534219741821,510.1681365966797,654.6112117767334,0.9615977,1155.4940643310547,528.2341575622559,238.42794799804688,81.94942474365234,1274.7080383300781,569.208869934082,0.92285097
237,1176.2365264892578,530.5442540645599,207.81124877929688,74.23870897293091,1280.1421508789062,567.6636085510254,0.9444744,349.41413497924805,636.2386894226074,317.02970123291016,76.78660583496094,507.9289855957031,674.6319923400879,0.93309146
238,403.3326187133789,611.0104440450668,236.2039031982422,91.40751385688782,521.4345703125,656.7142009735107,0.95211434,1202.668327331543,523.3542838096619,248.12269592285156,86.99809741973877,1326.7296752929688,566.8533325195312,0.95134574
239,387.5739440917969,631.6378372907639,303.32904052734375,76.89925217628479,539.2384643554688,670.0874633789062,0.9534852,1242.7149810791016,528.0173621177673,242.69100952148438,77.29466342926025,1364.0604858398438,566.6646938323975,0.94626534
240,420.81909942626953,619.9218935966492,234.23121643066406,87.53810977935791,537.9347076416016,663.6909484863281,0.95967406,1238.0713348388672,521.2444871664047,268.3321838378906,87.94002270698547,1372.2374267578125,565.2144985198975,0.95965004
241,410.9835090637207,628.4734207391739,301.7757797241211,79.32574152946472,561.8713989257812,668.1362915039062,0.94407845,1288.4714126586914,527.1798723936081,259.4495086669922,86.70254158973694,1418.1961669921875,570.5311431884766,0.9410204
242,440.6850357055664,623.1343935728073,238.44676208496094,85.82181572914124,559.9084167480469,666.0453014373779,0.96600205,1305.8519439697266,519.8192782402039,248.48812866210938,91.4258279800415,1430.0960083007812,565.5321922302246,0.9650925
243,438.4155807495117,633.2527760267258,291.6364288330078,79.30711197853088,584.2337951660156,672.9063320159912,0.94218886,1339.9967193603516,532.1660903692245,276.1722106933594,65.96477437019348,1478.0828247070312,565.1484775543213,0.9299666
244,460.3722839355469,625.5414937734604,238.53414916992188,86.74525952339172,579.6393585205078,668.9141235351562,0.9607082,1363.5444602966309,518.9059925079346,242.87281036376953,91.18391418457031,1484.9808654785156,564.4979496002197,0.96016395
245,466.8382987976074,629.7201039791107,282.13565826416016,82.8270993232727,607.9061279296875,671.1336536407471,0.9446709,1392.0269737243652,528.7167266607285,276.4940872192383,78.0273506641388,1530.2740173339844,567.7304019927979,0.9341536
246,1407.8014068603516,511.4709541797638,243.72555541992188,95.17577505111694,1529.6641845703125,559.0588417053223,0.96798676,483.0586738586426,625.5923033952713,242.4338607788086,83.96901869773865,604.2756042480469,667.5768127441406,0.9612713
247,1444.8156394958496,530.1421061754227,287.0039749145508,79.16019988059998,1588.317626953125,569.7222061157227,0.9401304,488.7403678894043,632.5629000663757,286.31192779541016,83.20493030548096,631.8963317871094,674.1653652191162,0.9312589
248,1465.0178833007812,513.5585228204727,237.106201171875,92.61603999137878,1583.5709838867188,559.8665428161621,0.95730937,499.57922744750977,623.1488517522812,278.6176986694336,90.18313908576965,638.8880767822266,668.240421295166,0.9262137
249,529.7189598083496,615.6323461532593,253.4783706665039,94.08445930480957,656.4581451416016,662.6745758056641,0.9512427,1496.9721565246582,528.9241847991943,290.4624252319336,79.01463317871094,1642.203369140625,568.4315013885498,0.93096465
