id;cam_x[m];cam_y[m];cam_z[m];cam_or_x[rad];cam_or_y[rad];cam_or_z[rad];cam_or_q_x;cam_or_q_y;cam_or_q_z;cam_or_q_w;fov;projection_matrix;width;height;fps
0;5.7220457705398076e-08;0.08475005626678467;-0.11429357528686523;0.0;0.0;1.5707956182169394;-0.0;0.0;0.7071065306663513;0.7071070671081543;110;[[0.0, 0.7002075910568237, 0.0, 0.0], [0.0, 0.0, -1.2448135614395142, 0.0], [0.0, 0.0, 0.0, 10.0], [-1.0, 0.0, 0.0, 0.0]];1920;1080;25
1;0.05992729961872101;-2.059927225112915;-0.36118006706237793;0.0;0.0;-0.7853980942716289;0.0;-0.0;-0.3826833963394165;0.9238795638084412;110;[[0.0, 0.7002075910568237, 0.0, 0.0], [0.0, 0.0, -1.2448135614395142, 0.0], [0.0, 0.0, 0.0, 10.0], [-1.0, 0.0, 0.0, 0.0]];1920;1080;25
2;0.05992729961872101;-2.059927225112915;-0.3612913489341736;0.0;0.0;-0.7853980942716289;0.0;-0.0;-0.3826833963394165;0.9238795638084412;110;[[0.0, 0.7002075910568237, 0.0, 0.0], [0.0, 0.0, -1.2448135614395142, 0.0], [0.0, 0.0, 0.0, 10.0], [-1.0, 0.0, 0.0, 0.0]];1920;1080;25
3;0.05992729961872101;-2.059927225112915;-0.361402690410614;0.0;0.0;-0.7853980942716289;0.0;-0.0;-0.3826833963394165;0.9238795638084412;110;[[0.0, 0.7002075910568237, 0.0, 0.0], [0.0, 0.0, -1.2448135614395142, 0.0], [0.0, 0.0, 0.0, 10.0], [-1.0, 0.0, 0.0, 0.0]];1920;1080;25
4;0.05992729961872101;-2.059927225112915;-0.36133307218551636;0.0;0.0;-0.7853980942716289;0.0;-0.0;-0.3826833963394165;0.9238795638084412;110;[[0.0, 0.7002075910568237, 0.0, 0.0], [0.0, 0.0, -1.2448135614395142, 0.0], [0.0, 0.0, 0.0, 10.0], [-1.0, 0.0, 0.0, 0.0]];1920;1080;25
5;0.05992729961872101;-2.059927225112915;-0.3613191843032837;0.0;0.0;-0.7853980942716289;0.0;-0.0;-0.3826833963394165;0.9238795638084412;110;[[0.0, 0.7002075910568237, 0.0, 0.0], [0.0, 0.0, -1.2448135614395142, 0.0], [0.0, 0.0, 0.0, 10.0], [-1.0, 0.0, 0.0, 0.0]];1920;1080;25
6;0.05992729961872101;-2.059927225112915;-0.3614165484905243;0.0;0.0;-0.7853980942716289;0.0;-0.0;-0.3826833963394165;0.9238795638084412;110;[[0.0, 0.7002075910568237, 0.0, 0.0], [0.0, 0.0, -1.2448135614395142, 0.0], [0.0, 0.0, 0.0, 10.0], [-1.0, 0.0, 0.0, 0.0]];1920;1080;25
7;0.05992729961872101;-2.059927225112915;-0.3612634837627411;0.0;0.0;-0.7853980942716289;0.0;-0.0;-0.3826833963394165;0.9238795638084412;110;[[0.0, 0.7002075910568237, 0.0, 0.0], [0.0, 0.0, -1.2448135614395142, 0.0], [0.0, 0.0, 0.0, 10.0], [-1.0, 0.0, 0.0, 0.0]];1920;1080;25
8;0.05992729961872101;-2.059927225112915;-0.36145830154418945;0.0;0.0;-0.7853980942716289;0.0;-0.0;-0.3826833963394165;0.9238795638084412;110;[[0.0, 0.7002075910568237, 0.0, 0.0], [0.0, 0.0, -1.2448135614395142, 0.0], [0.0, 0.0, 0.0, 10.0], [-1.0, 0.0, 0.0, 0.0]];1920;1080;25
9;0.05992729961872101;-2.059927225112915;-0.3614165484905243;0.0;0.0;-0.7853980942716289;0.0;-0.0;-0.3826833963394165;0.9238795638084412;110;[[0.0, 0.7002075910568237, 0.0, 0.0], [0.0, 0.0, -1.2448135614395142, 0.0], [0.0, 0.0, 0.0, 10.0], [-1.0, 0.0, 0.0, 0.0]];1920;1080;25
10;0.05992729961872101;-2.059927225112915;-0.3612634837627411;0.0;0.0;-0.7853980942716289;0.0;-0.0;-0.3826833963394165;0.9238795638084412;110;[[0.0, 0.7002075910568237, 0.0, 0.0], [0.0, 0.0, -1.2448135614395142, 0.0], [0.0, 0.0, 0.0, 10.0], [-1.0, 0.0, 0.0, 0.0]];1920;1080;25
11;0.05992729961872101;-2.059927225112915;-0.36149999499320984;0.0;0.0;-0.7853980942716289;0.0;-0.0;-0.3826833963394165;0.9238795638084412;110;[[0.0, 0.7002075910568237, 0.0, 0.0], [0.0, 0.0, -1.2448135614395142, 0.0], [0.0, 0.0, 0.0, 10.0], [-1.0, 0.0, 0.0, 0.0]];1920;1080;25
12;0.05992729961872101;-2.059927225112915;-0.3613191843032837;0.0;0.0;-0.7853980942716289;0.0;-0.0;-0.3826833963394165;0.9238795638084412;110;[[0.0, 0.7002075910568237, 0.0, 0.0], [0.0, 0.0, -1.2448135614395142, 0.0], [0.0, 0.0, 0.0, 10.0], [-1.0, 0.0, 0.0, 0.0]];1920;1080;25
13;0.05992729961872101;-2.059927225112915;-0.3612913489341736;0.0;0.0;-0.7853980942716289;0.0;-0.0;-0.3826833963394165;0.9238795638084412;110;[[0.0, 0.7002075910568237, 0.0, 0.0], [0.0, 0.0, -1.2448135614395142, 0.0], [0.0, 0.0, 0.0, 10.0], [-1.0, 0.0, 0.0, 0.0]];1920;1080;25
14;0.05992729961872101;-2.059927225112915;-0.3614026606082916;0.0;0.0;-0.7853980942716289;0.0;-0.0;-0.3826833963394165;0.9238795638084412;110;[[0.0, 0.7002075910568237, 0.0, 0.0], [0.0, 0.0, -1.2448135614395142, 0.0], [0.0, 0.0, 0.0, 10.0], [-1.0, 0.0, 0.0, 0.0]];1920;1080;25
15;0.05992729961872101;-2.059927225112915;-0.3612636625766754;0.0;0.0;-0.7853980942716289;0.0;-0.0;-0.3826833963394165;0.9238795638084412;110;[[0.0, 0.7002075910568237, 0.0, 0.0], [0.0, 0.0, -1.2448135614395142, 0.0], [0.0, 0.0, 0.0, 10.0], [-1.0, 0.0, 0.0, 0.0]];1920;1080;25
16;0.05992729961872101;-2.059927225112915;-0.3614026606082916;0.0;0.0;-0.7853980942716289;0.0;-0.0;-0.3826833963394165;0.9238795638084412;110;[[0.0, 0.7002075910568237, 0.0, 0.0], [0.0, 0.0, -1.2448135614395142, 0.0], [0.0, 0.0, 0.0, 10.0], [-1.0, 0.0, 0.0, 0.0]];1920;1080;25
17;0.05992729961872101;-2.059927225112915;-0.3613191843032837;0.0;0.0;-0.7853980942716289;0.0;-0.0;-0.3826833963394165;0.9238795638084412;110;[[0.0, 0.7002075910568237, 0.0, 0.0], [0.0, 0.0, -1.2448135614395142, 0.0], [0.0, 0.0, 0.0, 10.0], [-1.0, 0.0, 0.0, 0.0]];1920;1080;25
18;0.05992729961872101;-2.059927225112915;-0.3614026606082916;0.0;0.0;-0.7853980942716289;0.0;-0.0;-0.3826833963394165;0.9238795638084412;110;[[0.0, 0.7002075910568237, 0.0, 0.0], [0.0, 0.0, -1.2448135614395142, 0.0], [0.0, 0.0, 0.0, 10.0], [-1.0, 0.0, 0.0, 0.0]];1920;1080;25
19;0.05992729961872101;-2.059927225112915;-0.3612913489341736;0.0;0.0;-0.7853980942716289;0.0;-0.0;-0.3826833963394165;0.9238795638084412;110;[[0.0, 0.7002075910568237, 0.0, 0.0], [0.0, 0.0, -1.2448135614395142, 0.0], [0.0, 0.0, 0.0, 10.0], [-1.0, 0.0, 0.0, 0.0]];1920;1080;25
20;0.05992729961872101;-2.059927225112915;-0.3614165484905243;0.0;0.0;-0.7853980942716289;0.0;-0.0;-0.3826833963394165;0.9238795638084412;110;[[0.0, 0.7002075910568237, 0.0, 0.0], [0.0, 0.0, -1.2448135614395142, 0.0], [0.0, 0.0, 0.0, 10.0], [-1.0, 0.0, 0.0, 0.0]];1920;1080;25
21;0.05992729961872101;-2.059927225112915;-0.36149999499320984;0.0;0.0;-0.7853980942716289;0.0;-0.0;-0.3826833963394165;0.9238795638084412;110;[[0.0, 0.7002075910568237, 0.0, 0.0], [0.0, 0.0, -1.2448135614395142, 0.0], [0.0, 0.0, 0.0, 10.0], [-1.0, 0.0, 0.0, 0.0]];1920;1080;25
22;0.05992729961872101;-2.059927225112915;-0.3614165484905243;0.0;0.0;-0.7853980942716289;0.0;-0.0;-0.3826833963394165;0.9238795638084412;110;[[0.0, 0.7002075910568237, 0.0, 0.0], [0.0, 0.0, -1.2448135614395142, 0.0], [0.0, 0.0, 0.0, 10.0], [-1.0, 0.0, 0.0, 0.0]];1920;1080;25
23;0.05992729961872101;-2.059927225112915;-0.3613191843032837;0.0;0.0;-0.7853980942716289;0.0;-0.0;-0.3826833963394165;0.9238795638084412;110;[[0.0, 0.7002075910568237, 0.0, 0.0], [0.0, 0.0, -1.2448135614395142, 0.0], [0.0, 0.0, 0.0, 10.0], [-1.0, 0.0, 0.0, 0.0]];1920;1080;25
24;0.05992729961872101;-2.059927225112915;-0.3613191843032837;0.0;0.0;-0.7853980942716289;0.0;-0.0;-0.3826833963394165;0.9238795638084412;110;[[0.0, 0.7002075910568237, 0.0, 0.0], [0.0, 0.0, -1.2448135614395142, 0.0], [0.0, 0.0, 0.0, 10.0], [-1.0, 0.0, 0.0, 0.0]];1920;1080;25
25;0.05992729961872101;-2.059927225112915;-0.3613191843032837;0.0;0.0;-0.7853980942716289;0.0;-0.0;-0.3826833963394165;0.9238795638084412;110;[[0.0, 0.7002075910568237, 0.0, 0.0], [0.0, 0.0, -1.2448135614395142, 0.0], [0.0, 0.0, 0.0, 10.0], [-1.0, 0.0, 0.0, 0.0]];1920;1080;25
26;0.05992729961872101;-2.059927225112915;-0.3612495958805084;0.0;0.0;-0.7853980942716289;0.0;-0.0;-0.3826833963394165;0.9238795638084412;110;[[0.0, 0.7002075910568237, 0.0, 0.0], [0.0, 0.0, -1.2448135614395142, 0.0], [0.0, 0.0, 0.0, 10.0], [-1.0, 0.0, 0.0, 0.0]];1920;1080;25
27;0.05992729961872101;-2.059927225112915;-0.3613191843032837;0.0;0.0;-0.7853980942716289;0.0;-0.0;-0.3826833963394165;0.9238795638084412;110;[[0.0, 0.7002075910568237, 0.0, 0.0], [0.0, 0.0, -1.2448135614395142, 0.0], [0.0, 0.0, 0.0, 10.0], [-1.0, 0.0, 0.0, 0.0]];1920;1080;25
28;0.05992729961872101;-2.059927225112915;-0.3612913489341736;0.0;0.0;-0.7853980942716289;0.0;-0.0;-0.3826833963394165;0.9238795638084412;110;[[0.0, 0.7002075910568237, 0.0, 0.0], [0.0, 0.0, -1.2448135614395142, 0.0], [0.0, 0.0, 0.0, 10.0], [-1.0, 0.0, 0.0, 0.0]];1920;1080;25
29;0.05992729961872101;-2.059927225112915;-0.3613191843032837;0.0;0.0;-0.7853980942716289;0.0;-0.0;-0.3826833963394165;0.9238795638084412;110;[[0.0, 0.7002075910568237, 0.0, 0.0], [0.0, 0.0, -1.2448135614395142, 0.0], [0.0, 0.0, 0.0, 10.0], [-1.0, 0.0, 0.0, 0.0]];1920;1080;25
30;0.05992729961872101;-2.059927225112915;-0.3613191843032837;0.0;0.0;-0.7853980942716289;0.0;-0.0;-0.3826833963394165;0.9238795638084412;110;[[0.0, 0.7002075910568237, 0.0, 0.0], [0.0, 0.0, -1.2448135614395142, 0.0], [0.0, 0.0, 0.0, 10.0], [-1.0, 0.0, 0.0, 0.0]];1920;1080;25
31;0.06005416810512543;-2.059800386428833;-0.3614163100719452;0.002720557131454027;5.1758111685451524e-11;-0.785255355530337;0.0012567703379318118;-0.0005204661865718663;-0.38261711597442627;0.9239059686660767;110;[[0.0, 0.7002075910568237, 0.0, 0.0], [0.0, 0.0, -1.2448135614395142, 0.0], [0.0, 0.0, 0.0, 10.0], [-1.0, 0.0, 0.0, 0.0]];1920;1080;25
32;0.06489838659763336;-2.054969072341919;-0.36087775230407715;0.09922853424781226;-0.0009496227718349183;-0.7778605196658619;0.04571017250418663;-0.019244758412241936;-0.3787103295326233;0.9241854548454285;110;[[0.0, 0.7002075910568237, 0.0, 0.0], [0.0, 0.0, -1.2448135614395142, 0.0], [0.0, 0.0, 0.0, 10.0], [-1.0, 0.0, 0.0, 0.0]];1920;1080;25
33;0.07280486077070236;-2.0484132766723633;-0.35817259550094604;0.2123812863942778;-0.021728753988424283;-0.7601295812294481;0.09441421180963516;-0.049350425601005554;-0.3677998185157776;0.9237823486328125;110;[[0.0, 0.7002075910568237, 0.0, 0.0], [0.0, 0.0, -1.2448135614395142, 0.0], [0.0, 0.0, 0.0, 10.0], [-1.0, 0.0, 0.0, 0.0]];1920;1080;25
34;0.0828806459903717;-2.0378377437591553;-0.35597968101501465;0.3042467825850155;-0.028564443281445133;-0.7219602953569731;0.13677053153514862;-0.06672321259975433;-0.3470522165298462;0.9254170060157776;110;[[0.0, 0.7002075910568237, 0.0, 0.0], [0.0, 0.0, -1.2448135614395142, 0.0], [0.0, 0.0, 0.0, 10.0], [-1.0, 0.0, 0.0, 0.0]];1920;1080;25
35;0.09239903837442398;-2.027350425720215;-0.35449233651161194;0.3520423739296329;-0.0345199070428333;-0.6824345343754069;0.15930716693401337;-0.07460309565067291;-0.326566606760025;0.9286602139472961;110;[[0.0, 0.7002075910568237, 0.0, 0.0], [0.0, 0.0, -1.2448135614395142, 0.0], [0.0, 0.0, 0.0, 10.0], [-1.0, 0.0, 0.0, 0.0]];1920;1080;25
36;0.10369663685560226;-2.0159878730773926;-0.3554059565067291;0.2709212481535929;-0.04354537173253769;-0.6285748109688737;0.1217326819896698;-0.06225317716598511;-0.3034382164478302;0.9429904818534851;110;[[0.0, 0.7002075910568237, 0.0, 0.0], [0.0, 0.0, -1.2448135614395142, 0.0], [0.0, 0.0, 0.0, 10.0], [-1.0, 0.0, 0.0, 0.0]];1920;1080;25
37;0.11757057905197144;-2.0016984939575195;-0.35652339458465576;0.19930451653567802;-0.04132365836824938;-0.5841796585973549;0.08933348208665848;-0.04832881689071655;-0.2844960391521454;0.953281581401825;110;[[0.0, 0.7002075910568237, 0.0, 0.0], [0.0, 0.0, -1.2448135614395142, 0.0], [0.0, 0.0, 0.0, 10.0], [-1.0, 0.0, 0.0, 0.0]];1920;1080;25
38;0.13535045087337494;-1.9835017919540405;-0.3575614094734192;0.14290352090662778;-0.03631209258485895;-0.5450119967535523;0.06387139111757278;-0.036651916801929474;-0.26716652512550354;0.9608325362205505;110;[[0.0, 0.7002075910568237, 0.0, 0.0], [0.0, 0.0, -1.2448135614395142, 0.0], [0.0, 0.0, 0.0, 10.0], [-1.0, 0.0, 0.0, 0.0]];1920;1080;25
39;0.1514812409877777;-1.9670766592025757;-0.358224093914032;0.10556036127180668;-0.030671115213347554;-0.5183518015324617;0.04706308990716934;-0.028320999816060066;-0.2551150918006897;0.9653493165969849;110;[[0.0, 0.7002075910568237, 0.0, 0.0], [0.0, 0.0, -1.2448135614395142, 0.0], [0.0, 0.0, 0.0, 10.0], [-1.0, 0.0, 0.0, 0.0]];1920;1080;25
40;0.17477498948574066;-1.9433825016021729;-0.3585146367549896;0.07802716402589065;-0.024807330773778665;-0.48956931428331085;0.034834425896406174;-0.021476157009601593;-0.2416750192642212;0.9694939255714417;110;[[0.0, 0.7002075910568237, 0.0, 0.0], [0.0, 0.0, -1.2448135614395142, 0.0], [0.0, 0.0, 0.0, 10.0], [-1.0, 0.0, 0.0, 0.0]];1920;1080;25
41;0.19779007136821747;-1.9201678037643433;-0.3587363064289093;0.05520012845306602;-0.019059180646738724;-0.4674733709174352;0.024638613685965538;-0.01565825380384922;-0.23125965893268585;0.9724539518356323;110;[[0.0, 0.7002075910568237, 0.0, 0.0], [0.0, 0.0, -1.2448135614395142, 0.0], [0.0, 0.0, 0.0, 10.0], [-1.0, 0.0, 0.0, 0.0]];1920;1080;25
42;0.21573211252689362;-1.9021661281585693;-0.35863780975341797;0.0431187390533068;-0.015748263176088823;-0.4535875718257229;0.019234901294112206;-0.012517828494310379;-0.2246299535036087;0.9741738438606262;110;[[0.0, 0.7002075910568237, 0.0, 0.0], [0.0, 0.0, -1.2448135614395142, 0.0], [0.0, 0.0, 0.0, 10.0], [-1.0, 0.0, 0.0, 0.0]];1920;1080;25
43;0.24175018072128296;-1.876147985458374;-0.35867780447006226;0.03069902650302743;-0.011715173057759026;-0.43712611266984164;0.013713576830923557;-0.009045531041920185;-0.21671006083488464;0.9760977625846863;110;[[0.0, 0.7002075910568237, 0.0, 0.0], [0.0, 0.0, -1.2448135614395142, 0.0], [0.0, 0.0, 0.0, 10.0], [-1.0, 0.0, 0.0, 0.0]];1920;1080;25
44;0.26518189907073975;-1.852830171585083;-0.3585415482521057;0.022516531100101107;-0.008937120376024994;-0.42520674050690216;0.010061615146696568;-0.006743139587342739;-0.21094071865081787;0.9774237871170044;110;[[0.0, 0.7002075910568237, 0.0, 0.0], [0.0, 0.0, -1.2448135614395142, 0.0], [0.0, 0.0, 0.0, 10.0], [-1.0, 0.0, 0.0, 0.0]];1920;1080;25
45;0.29182928800582886;-1.8264046907424927;-0.35963308811187744;0.016290357183676493;-0.006685614378683552;-0.41410675635415317;0.0072838920168578625;-0.004945727996528149;-0.20554250478744507;0.9786085486412048;110;[[0.0, 0.7002075910568237, 0.0, 0.0], [0.0, 0.0, -1.2448135614395142, 0.0], [0.0, 0.0, 0.0, 10.0], [-1.0, 0.0, 0.0, 0.0]];1920;1080;25
46;0.3113144636154175;-1.8071441650390625;-0.3580712676048279;0.012603112333628028;-0.00525236155874903;-0.40754474332928553;0.005639679729938507;-0.0038469936698675156;-0.2023441642522812;0.9792906641960144;110;[[0.0, 0.7002075910568237, 0.0, 0.0], [0.0, 0.0, -1.2448135614395142, 0.0], [0.0, 0.0, 0.0, 10.0], [-1.0, 0.0, 0.0, 0.0]];1920;1080;25
47;0.337059885263443;-1.781752586364746;-0.3577837347984314;0.009117225705278835;-0.003869056744557776;-0.4001684232042141;0.004083157051354647;-0.002801941242069006;-0.19874078035354614;0.9800395965576172;110;[[0.0, 0.7002075910568237, 0.0, 0.0], [0.0, 0.0, -1.2448135614395142, 0.0], [0.0, 0.0, 0.0, 10.0], [-1.0, 0.0, 0.0, 0.0]];1920;1080;25
48;0.362613320350647;-1.7566078901290894;-0.35936450958251953;0.006711043795291444;-0.002897500732552405;-0.394101161779637;0.0030069455970078707;-0.0020776409655809402;-0.19577176868915558;0.9806426763534546;110;[[0.0, 0.7002075910568237, 0.0, 0.0], [0.0, 0.0, -1.2448135614395142, 0.0], [0.0, 0.0, 0.0, 10.0], [-1.0, 0.0, 0.0, 0.0]];1920;1080;25
49;0.3905523717403412;-1.7291780710220337;-0.3572152554988861;0.004646797767342147;-0.002033590945116876;-0.3888233795726241;0.0020831928122788668;-0.0014464929699897766;-0.19318640232086182;0.9811587929725647;110;[[0.0, 0.7002075910568237, 0.0, 0.0], [0.0, 0.0, -1.2448135614395142, 0.0], [0.0, 0.0, 0.0, 10.0], [-1.0, 0.0, 0.0, 0.0]];1920;1080;25
50;0.41175177693367004;-1.708396315574646;-0.35685503482818604;0.003590607143725346;-0.0015814303998691462;-0.3854640850271428;0.0016106071416288614;-0.0011199475266039371;-0.19153930246829987;0.981482982635498;110;[[0.0, 0.7002075910568237, 0.0, 0.0], [0.0, 0.0, -1.2448135614395142, 0.0], [0.0, 0.0, 0.0, 10.0], [-1.0, 0.0, 0.0, 0.0]];1920;1080;25
51;0.4379197657108307;-1.6827768087387085;-0.35652247071266174;0.0026088735589261986;-0.0011531114614514494;-0.3819934260649128;0.0011712638661265373;-0.0008137018885463476;-0.18983665108680725;0.9818146228790283;110;[[0.0, 0.7002075910568237, 0.0, 0.0], [0.0, 0.0, -1.2448135614395142, 0.0], [0.0, 0.0, 0.0, 10.0], [-1.0, 0.0, 0.0, 0.0]];1920;1080;25
52;0.45923343300819397;-1.6619335412979126;-0.3562049865722656;0.002007597056131428;-0.0008921622319532118;-0.37962374526975157;0.0009016058756969869;-0.0006274599581956863;-0.18867360055446625;0.982039213180542;110;[[0.0, 0.7002075910568237, 0.0, 0.0], [0.0, 0.0, -1.2448135614395142, 0.0], [0.0, 0.0, 0.0, 10.0], [-1.0, 0.0, 0.0, 0.0]];1920;1080;25
53;0.48551031947135925;-1.6362600326538086;-0.3558374047279358;0.0014579389714484154;-0.0006498099093235022;-0.37717158156189357;0.000655135081615299;-0.00045580422738566995;-0.18746964633464813;0.9822701215744019;110;[[0.0, 0.7002075910568237, 0.0, 0.0], [0.0, 0.0, -1.2448135614395142, 0.0], [0.0, 0.0, 0.0, 10.0], [-1.0, 0.0, 0.0, 0.0]];1920;1080;25
54;0.5116685628890991;-1.610404372215271;-0.3584825098514557;0.00105867126960243;-0.00048255919726610685;-0.36860650207402346;0.00047615356743335724;-0.0003342001873534173;-0.1832614690065384;0.9830640554428101;110;[[0.0, 0.7002075910568237, 0.0, 0.0], [0.0, 0.0, -1.2448135614395142, 0.0], [0.0, 0.0, 0.0, 10.0], [-1.0, 0.0, 0.0, 0.0]];1920;1080;25
55;0.5386802554130554;-1.582844853401184;-0.3583400547504425;0.0007518057608900505;-0.00036847594805689503;-0.3430624940801333;0.0003389384946785867;-0.00024569753441028297;-0.17069123685359955;0.985324501991272;110;[[0.0, 0.7002075910568237, 0.0, 0.0], [0.0, 0.0, -1.2448135614395142, 0.0], [0.0, 0.0, 0.0, 10.0], [-1.0, 0.0, 0.0, 0.0]];1920;1080;25
56;0.5664556622505188;-1.553487777709961;-0.35485485196113586;0.0005175742403932678;-0.00028657911121535845;-0.2998023561458375;0.00023448611318599433;-0.00018033005471806973;-0.14934037625789642;0.9887858033180237;110;[[0.0, 0.7002075910568237, 0.0, 0.0], [0.0, 0.0, -1.2448135614395142, 0.0], [0.0, 0.0, 0.0, 10.0], [-1.0, 0.0, 0.0, 0.0]];1920;1080;25
57;0.5889139175415039;-1.5288174152374268;-0.3545365333557129;0.00038884642791368776;-0.00024294852568793057;-0.25178308304352404;0.00017763234791345894;-0.00014492456102743745;-0.1255592405796051;0.9920861124992371;110;[[0.0, 0.7002075910568237, 0.0, 0.0], [0.0, 0.0, -1.2448135614395142, 0.0], [0.0, 0.0, 0.0, 10.0], [-1.0, 0.0, 0.0, 0.0]];1920;1080;25
58;0.616526186466217;-1.497174620628357;-0.3541977107524872;0.00026727807227495737;-0.00019979475232617246;-0.17814123711132795;0.00012422310828696936;-0.00011138894478790462;-0.08895287662744522;0.9960358142852783;110;[[0.0, 0.7002075910568237, 0.0, 0.0], [0.0, 0.0, -1.2448135614395142, 0.0], [0.0, 0.0, 0.0, 10.0], [-1.0, 0.0, 0.0, 0.0]];1920;1080;25
59;0.6387274861335754;-1.4705477952957153;-0.3538625240325928;0.0001916045198844258;-0.00016891957787547963;-0.10815692863653112;9.109697566600516e-05;-8.951462950790301e-05;-0.05405209958553314;0.9985381364822388;110;[[0.0, 0.7002075910568237, 0.0, 0.0], [0.0, 0.0, -1.2448135614395142, 0.0], [0.0, 0.0, 0.0, 10.0], [-1.0, 0.0, 0.0, 0.0]];1920;1080;25
60;0.6671487092971802;-1.4346990585327148;-0.3535558879375458;0.00012215104460323593;-0.00013530253463492955;-0.005238969070251468;6.0898102674400434e-05;-6.781102274544537e-05;-0.002619477454572916;0.999996542930603;110;[[0.0, 0.7002075910568237, 0.0, 0.0], [0.0, 0.0, -1.2448135614395142, 0.0], [0.0, 0.0, 0.0, 10.0], [-1.0, 0.0, 0.0, 0.0]];1920;1080;25
61;0.6929981112480164;-1.40012788772583;-0.35325294733047485;7.612997793517056e-05;-0.00010812281299331311;0.10142897796057483;4.0756571252131835e-05;-5.206228161114268e-05;0.05069275572896004;0.99871426820755;110;[[0.0, 0.7002075910568237, 0.0, 0.0], [0.0, 0.0, -1.2448135614395142, 0.0], [0.0, 0.0, 0.0, 10.0], [-1.0, 0.0, 0.0, 0.0]];1920;1080;25
62;0.7128497958183289;-1.3719643354415894;-0.3572285771369934;5.0735925031743046e-05;-9.107589473479407e-05;0.19390334158651243;2.965689782286063e-05;-4.2868479795288295e-05;0.09679985791444778;0.9953038692474365;110;[[0.0, 0.7002075910568237, 0.0, 0.0], [0.0, 0.0, -1.2448135614395142, 0.0], [0.0, 0.0, 0.0, 10.0], [-1.0, 0.0, 0.0, 0.0]];1920;1080;25
63;0.7369312644004822;-1.3362622261047363;-0.3526814579963684;2.723574610428233e-05;-6.878375992787567e-05;0.31367238131433073;1.8822538550011814e-05;-3.1842737371334806e-05;0.15619401633739471;0.9877263903617859;110;[[0.0, 0.7002075910568237, 0.0, 0.0], [0.0, 0.0, -1.2448135614395142, 0.0], [0.0, 0.0, 0.0, 10.0], [-1.0, 0.0, 0.0, 0.0]];1920;1080;25
64;0.7606591582298279;-1.2986493110656738;-0.35236823558807373;1.1649561869652479e-05;-5.114078491478362e-05;0.4469069572794228;1.1346326573402621e-05;-2.3643897293368354e-05;0.2215985506772995;0.9751380085945129;110;[[0.0, 0.7002075910568237, 0.0, 0.0], [0.0, 0.0, -1.2448135614395142, 0.0], [0.0, 0.0, 0.0, 10.0], [-1.0, 0.0, 0.0, 0.0]];1920;1080;25
65;0.7777280211448669;-1.2700680494308472;-0.35205981135368347;4.234335296748285e-06;-3.99351157471416e-05;0.5522466800283098;7.480681233573705e-06;-1.8633978470461443e-05;0.27262789011001587;0.9621195793151855;110;[[0.0, 0.7002075910568237, 0.0, 0.0], [0.0, 0.0, -1.2448135614395142, 0.0], [0.0, 0.0, 0.0, 10.0], [-1.0, 0.0, 0.0, 0.0]];1920;1080;25
66;0.7976123690605164;-1.2355483770370483;-0.3517998456954956;-1.0652637907911672e-06;-2.9325483325874198e-05;0.6823737378451277;4.404308128869161e-06;-1.399577649863204e-05;0.33460578322410583;0.9423581957817078;110;[[0.0, 0.7002075910568237, 0.0, 0.0], [0.0, 0.0, -1.2448135614395142, 0.0], [0.0, 0.0, 0.0, 10.0], [-1.0, 0.0, 0.0, 0.0]];1920;1080;25
67;0.8173032999038696;-1.2028268575668335;-0.35154372453689575;-3.7284240402813137e-06;-2.0265579955990838e-05;0.7973634094447491;2.2155786609801e-06;-1.0061805369332433e-05;0.38820376992225647;0.9215735793113708;110;[[0.0, 0.7002075910568237, 0.0, 0.0], [0.0, 0.0, -1.2448135614395142, 0.0], [0.0, 0.0, 0.0, 10.0], [-1.0, 0.0, 0.0, 0.0]];1920;1080;25
68;0.8348414301872253;-1.1756292581558228;-0.3512287139892578;-4.2610575365253864e-06;-1.5497208356550533e-05;0.8834405333697385;1.3864557786291698e-06;-7.915665264590643e-06;0.42749524116516113;0.9040176272392273;110;[[0.0, 0.7002075910568237, 0.0, 0.0], [0.0, 0.0, -1.2448135614395142, 0.0], [0.0, 0.0, 0.0, 10.0], [-1.0, 0.0, 0.0, 0.0]];1920;1080;25
69;0.8555163145065308;-1.1459102630615234;-0.3509201109409332;-4.2610573675644126e-06;-1.0728836078476569e-05;0.9658166132021624;6.041054803063162e-07;-5.740312644775258e-06;0.4643568694591522;0.8856481909751892;110;[[0.0, 0.7002075910568237, 0.0, 0.0], [0.0, 0.0, -1.2448135614395142, 0.0], [0.0, 0.0, 0.0, 10.0], [-1.0, 0.0, 0.0, 0.0]];1920;1080;25
70;0.876573383808136;-1.1176337003707886;-0.3560735285282135;-3.728425488967932e-06;-7.987021667875293e-06;1.0336468026389054;3.525434522089199e-07;-4.393077688291669e-06;0.49412092566490173;0.8693931698799133;110;[[0.0, 0.7002075910568237, 0.0, 0.0], [0.0, 0.0, -1.2448135614395142, 0.0], [0.0, 0.0, 0.0, 10.0], [-1.0, 0.0, 0.0, 0.0]];1920;1080;25
71;0.8990286588668823;-1.0894830226898193;-0.35038062930107117;-3.195793660424439e-06;-5.364418018795133e-06;1.08949882863346;2.3318193598242942e-08;-3.1220147320709657e-06;0.5182037949562073;0.8552571535110474;110;[[0.0, 0.7002075910568237, 0.0, 0.0], [0.0, 0.0, -1.2448135614395142, 0.0], [0.0, 0.0, 0.0, 10.0], [-1.0, 0.0, 0.0, 0.0]];1920;1080;25
72;0.9203289747238159;-1.0639489889144897;-0.3500899374485016;-2.663160815616058e-06;-3.8146968985191677e-06;1.1328661522745869;-1.0008272965933429e-07;-2.324019760635565e-06;0.5366256237030029;0.8438204526901245;110;[[0.0, 0.7002075910568237, 0.0, 0.0], [0.0, 0.0, -1.2448135614395142, 0.0], [0.0, 0.0, 0.0, 10.0], [-1.0, 0.0, 0.0, 0.0]];1920;1080;25
73;0.9435911178588867;-1.0371371507644653;-0.34980571269989014;-2.1305284470468834e-06;-2.7418135187868532e-06;1.1711927089927119;-1.3007741017645458e-07;-1.7312576119365986e-06;0.5526964664459229;0.8333826661109924;110;[[0.0, 0.7002075910568237, 0.0, 0.0], [0.0, 0.0, -1.2448135614395142, 0.0], [0.0, 0.0, 0.0, 10.0], [-1.0, 0.0, 0.0, 0.0]];1920;1080;25
74;0.9673336744308472;-1.0106496810913086;-0.349528044462204;-1.5978966655990431e-06;-2.145766917827469e-06;1.202788572318625;-5.174126727069961e-08;-1.336682544206269e-06;0.5657926797866821;0.824547529220581;110;[[0.0, 0.7002075910568237, 0.0, 0.0], [0.0, 0.0, -1.2448135614395142, 0.0], [0.0, 0.0, 0.0, 10.0], [-1.0, 0.0, 0.0, 0.0]];1920;1080;25
75;0.9853883385658264;-0.9909371733665466;-0.34927478432655334;-1.0652641690430303e-06;-1.66892972787601e-06;1.2230922366267007;4.299616307434917e-08;-9.890297860692954e-07;0.5741340517997742;0.8187612891197205;110;[[0.0, 0.7002075910568237, 0.0, 0.0], [0.0, 0.0, -1.2448135614395142, 0.0], [0.0, 0.0, 0.0, 10.0], [-1.0, 0.0, 0.0, 0.0]];1920;1080;25
76;1.009389042854309;-0.9651510119438171;-0.35528549551963806;-1.065264178939052e-06;-1.0728834232813513e-06;1.2464363697103085;-1.1940463195969642e-07;-7.464644795618369e-07;0.5836513638496399;0.8120043277740479;110;[[0.0, 0.7002075910568237, 0.0, 0.0], [0.0, 0.0, -1.2448135614395142, 0.0], [0.0, 0.0, 0.0, 10.0], [-1.0, 0.0, 0.0, 0.0]];1920;1080;25
77;1.0340206623077393;-0.9391677379608154;-0.3551812767982483;-5.326320342367747e-07;-5.960463313702237e-07;1.2660732159380779;-3.840399642740522e-08;-3.9782807448318636e-07;0.5915957093238831;0.8062347173690796;110;[[0.0, 0.7002075910568237, 0.0, 0.0], [0.0, 0.0, -1.2448135614395142, 0.0], [0.0, 0.0, 0.0, 10.0], [-1.0, 0.0, 0.0, 0.0]];1920;1080;25
78;1.0576839447021484;-0.9145709276199341;-0.3486497104167938;-5.326322087108946e-07;-5.96046411405918e-07;1.2816065171456155;-3.53131497377035e-08;-3.9811439478398825e-07;0.5978395342826843;0.801615834236145;110;[[0.0, 0.7002075910568237, 0.0, 0.0], [0.0, 0.0, -1.2448135614395142, 0.0], [0.0, 0.0, 0.0, 10.0], [-1.0, 0.0, 0.0, 0.0]];1920;1080;25
79;1.08189857006073;-0.8889831304550171;-0.35495421290397644;-5.326321038445667e-07;-5.960463899738092e-07;1.3017605301473063;-3.1299578040488996e-08;-3.9844999832894246e-07;0.6058869361877441;0.7955507636070251;110;[[0.0, 0.7002075910568237, 0.0, 0.0], [0.0, 0.0, -1.2448135614395142, 0.0], [0.0, 0.0, 0.0, 10.0], [-1.0, 0.0, 0.0, 0.0]];1920;1080;25
80;1.1042510271072388;-0.8641183376312256;-0.3481892943382263;1.7719230138620266e-08;-2.406743005065016e-16;1.3329914836447596;6.9635950339375086e-09;5.477328368641565e-09;0.6182354688644409;0.7859929203987122;110;[[0.0, 0.7002075910568237, 0.0, 0.0], [0.0, 0.0, -1.2448135614395142, 0.0], [0.0, 0.0, 0.0, 10.0], [-1.0, 0.0, 0.0, 0.0]];1920;1080;25
81;1.122517466545105;-0.8427685499191284;-0.34798315167427063;0.0;0.0;1.36950794878374;-0.0;0.0;0.6324824690818787;0.7745746374130249;110;[[0.0, 0.7002075910568237, 0.0, 0.0], [0.0, 0.0, -1.2448135614395142, 0.0], [0.0, 0.0, 0.0, 10.0], [-1.0, 0.0, 0.0, 0.0]];1920;1080;25
82;1.1436774730682373;-0.8168466091156006;-0.3546370565891266;0.0;0.0;1.42564142584929;-0.0;0.0;0.6539703011512756;0.75652015209198;110;[[0.0, 0.7002075910568237, 0.0, 0.0], [0.0, 0.0, -1.2448135614395142, 0.0], [0.0, 0.0, 0.0, 10.0], [-1.0, 0.0, 0.0, 0.0]];1920;1080;25
83;1.1637789011001587;-0.7924676537513733;-0.35454627871513367;4.3892742153386866e-10;8.930460268804201e-18;1.4785605523238226;1.6217351073155584e-10;1.4786503965691367e-10;0.6737562417984009;0.738953709602356;110;[[0.0, 0.7002075910568237, 0.0, 0.0], [0.0, 0.0, -1.2448135614395142, 0.0], [0.0, 0.0, 0.0, 10.0], [-1.0, 0.0, 0.0, 0.0]];1920;1080;25
84;1.184593915939331;-0.7683618068695068;-0.35444289445877075;0.0;0.0;1.5227480307824985;-0.0;0.0;0.689916729927063;0.7238887548446655;110;[[0.0, 0.7002075910568237, 0.0, 0.0], [0.0, 0.0, -1.2448135614395142, 0.0], [0.0, 0.0, 0.0, 10.0], [-1.0, 0.0, 0.0, 0.0]];1920;1080;25
85;1.2031320333480835;-0.7476128935813904;-0.354349285364151;0.0;0.0;1.5550443266791767;-0.0;0.0;0.7015157341957092;0.7126539945602417;110;[[0.0, 0.7002075910568237, 0.0, 0.0], [0.0, 0.0, -1.2448135614395142, 0.0], [0.0, 0.0, 0.0, 10.0], [-1.0, 0.0, 0.0, 0.0]];1920;1080;25
86;1.221200704574585;-0.723494827747345;-0.3468499779701233;0.06608317554438267;-0.00012516950529705974;1.5868605572002914;0.02321588434278965;0.02350267954170704;0.7123758792877197;0.7010201215744019;110;[[0.0, 0.7002075910568237, 0.0, 0.0], [0.0, 0.0, -1.2448135614395142, 0.0], [0.0, 0.0, 0.0, 10.0], [-1.0, 0.0, 0.0, 0.0]];1920;1080;25
87;1.2357100248336792;-0.699998140335083;-0.3456740379333496;0.17157931248723676;-0.002445447742015098;1.6136098500863143;0.06015690043568611;0.06102824956178665;0.7194968461990356;0.6891886591911316;110;[[0.0, 0.7002075910568237, 0.0, 0.0], [0.0, 0.0, -1.2448135614395142, 0.0], [0.0, 0.0, 0.0, 10.0], [-1.0, 0.0, 0.0, 0.0]];1920;1080;25
88;1.2486165761947632;-0.6752819418907166;-0.34363216161727905;0.2796891399316862;-0.006226535120859786;1.6371100821905022;0.09749195724725723;0.09966937452554703;0.7233242392539978;0.6762864589691162;110;[[0.0, 0.7002075910568237, 0.0, 0.0], [0.0, 0.0, -1.2448135614395142, 0.0], [0.0, 0.0, 0.0, 10.0], [-1.0, 0.0, 0.0, 0.0]];1920;1080;25
89;1.2587647438049316;-0.6523247957229614;-0.3419606387615204;0.336538843989605;-0.009770632540341806;1.655433085321829;0.1168530285358429;0.12006775289773941;0.7265325784683228;0.6663928627967834;110;[[0.0, 0.7002075910568237, 0.0, 0.0], [0.0, 0.0, -1.2448135614395142, 0.0], [0.0, 0.0, 0.0, 10.0], [-1.0, 0.0, 0.0, 0.0]];1920;1080;25
90;1.2729995250701904;-0.6288586258888245;-0.3432174324989319;0.23501269006103556;-0.011941539071449053;1.6714316035606067;0.08302104473114014;0.08298482745885849;0.7371178269386292;0.6654911041259766;110;[[0.0, 0.7002075910568237, 0.0, 0.0], [0.0, 0.0, -1.2448135614395142, 0.0], [0.0, 0.0, 0.0, 10.0], [-1.0, 0.0, 0.0, 0.0]];1920;1080;25
91;1.2822178602218628;-0.6045922636985779;-0.3516700565814972;0.175347001314923;-0.01166140512777856;1.6859883568991956;0.06258406490087509;0.06151161342859268;0.7440975308418274;0.6622827053070068;110;[[0.0, 0.7002075910568237, 0.0, 0.0], [0.0, 0.0, -1.2448135614395142, 0.0], [0.0, 0.0, 0.0, 10.0], [-1.0, 0.0, 0.0, 0.0]];1920;1080;25
92;1.286344289779663;-0.5817883014678955;-0.3520898222923279;0.13333948936673656;-0.010305768634669553;1.6973581408039677;0.04789196699857712;0.04659344255924225;0.7489578127861023;0.659240186214447;110;[[0.0, 0.7002075910568237, 0.0, 0.0], [0.0, 0.0, -1.2448135614395142, 0.0], [0.0, 0.0, 0.0, 10.0], [-1.0, 0.0, 0.0, 0.0]];1920;1080;25
93;1.2866817712783813;-0.5633493065834045;-0.344292551279068;0.10209730586591101;-0.00885653516179323;1.705075210524848;0.0369088239967823;0.03550982475280762;0.7521132230758667;0.6570408344268799;110;[[0.0, 0.7002075910568237, 0.0, 0.0], [0.0, 0.0, -1.2448135614395142, 0.0], [0.0, 0.0, 0.0, 10.0], [-1.0, 0.0, 0.0, 0.0]];1920;1080;25
94;1.287692666053772;-0.5410159230232239;-0.35254812240600586;0.07651436123995328;-0.007364631742300058;1.7131954490036732;0.027833016589283943;0.02649039216339588;0.7551526427268982;0.6544219255447388;110;[[0.0, 0.7002075910568237, 0.0, 0.0], [0.0, 0.0, -1.2448135614395142, 0.0], [0.0, 0.0, 0.0, 10.0], [-1.0, 0.0, 0.0, 0.0]];1920;1080;25
95;1.2858740091323853;-0.5184969902038574;-0.3526899516582489;0.05696511964792151;-0.005871773244132814;1.7199466769720269;0.020805055275559425;0.01966702938079834;0.7575690746307373;0.6521267890930176;110;[[0.0, 0.7002075910568237, 0.0, 0.0], [0.0, 0.0, -1.2448135614395142, 0.0], [0.0, 0.0, 0.0, 10.0], [-1.0, 0.0, 0.0, 0.0]];1920;1080;25
96;1.28120756149292;-0.49427610635757446;-0.344521164894104;0.04048011800784194;-0.004431008744956539;1.7258961657270866;0.014842076227068901;0.013936329632997513;0.7596343755722046;0.650031566619873;110;[[0.0, 0.7002075910568237, 0.0, 0.0], [0.0, 0.0, -1.2448135614395142, 0.0], [0.0, 0.0, 0.0, 10.0], [-1.0, 0.0, 0.0, 0.0]];1920;1080;25
97;1.2786937952041626;-0.47210693359375;-0.3528359830379486;0.03063697751896131;-0.003505230337187343;1.7304871720807125;0.01126696914434433;0.010524418205022812;0.7611801624298096;0.6483571529388428;110;[[0.0, 0.7002075910568237, 0.0, 0.0], [0.0, 0.0, -1.2448135614395142, 0.0], [0.0, 0.0, 0.0, 10.0], [-1.0, 0.0, 0.0, 0.0]];1920;1080;25
98;1.272261619567871;-0.4479629397392273;-0.34445422887802124;0.02175216495928118;-0.0025817155539047554;1.7345442935754125;0.008019999600946903;0.007458554580807686;0.7625304460525513;0.6468595862388611;110;[[0.0, 0.7002075910568237, 0.0, 0.0], [0.0, 0.0, -1.2448135614395142, 0.0], [0.0, 0.0, 0.0, 10.0], [-1.0, 0.0, 0.0, 0.0]];1920;1080;25
99;1.26715087890625;-0.42558684945106506;-0.34438616037368774;0.01614478368615065;-0.001966475293481824;1.7376862737323353;0.0059631261974573135;0.005529001355171204;0.7635623216629028;0.6456828713417053;110;[[0.0, 0.7002075910568237, 0.0, 0.0], [0.0, 0.0, -1.2448135614395142, 0.0], [0.0, 0.0, 0.0, 10.0], [-1.0, 0.0, 0.0, 0.0]];1920;1080;25
100;1.2616729736328125;-0.40322601795196533;-0.34429991245269775;0.011952864911579559;-0.0014855857739720455;1.7403020720804165;0.004420848563313484;0.004089635331183672;0.7644153237342834;0.644696056842804;110;[[0.0, 0.7002075910568237, 0.0, 0.0], [0.0, 0.0, -1.2448135614395142, 0.0], [0.0, 0.0, 0.0, 10.0], [-1.0, 0.0, 0.0, 0.0]];1920;1080;25
101;1.2554138898849487;-0.3793925344944;-0.3442342281341553;0.008648610450903824;-0.0010946986663133505;1.742613441865462;0.003202908206731081;0.0029564264696091413;0.7651651501655579;0.6438193321228027;110;[[0.0, 0.7002075910568237, 0.0, 0.0], [0.0, 0.0, -1.2448135614395142, 0.0], [0.0, 0.0, 0.0, 10.0], [-1.0, 0.0, 0.0, 0.0]];1920;1080;25
102;1.2508132457733154;-0.3573138415813446;-0.3527911603450775;0.006554342432910215;-0.0008394718019413515;1.7444087638163506;0.0024290867149829865;0.0022395369596779346;0.765745222568512;0.6431354880332947;110;[[0.0, 0.7002075910568237, 0.0, 0.0], [0.0, 0.0, -1.2448135614395142, 0.0], [0.0, 0.0, 0.0, 10.0], [-1.0, 0.0, 0.0, 0.0]];1920;1080;25
103;1.245680809020996;-0.33945953845977783;-0.35275885462760925;0.0051612070802664785;-0.0006662604862545177;1.7456301427476981;0.0019137045601382852;0.0017630115617066622;0.7661390900611877;0.6426694393157959;110;[[0.0, 0.7002075910568237, 0.0, 0.0], [0.0, 0.0, -1.2448135614395142, 0.0], [0.0, 0.0, 0.0, 10.0], [-1.0, 0.0, 0.0, 0.0]];1920;1080;25
104;1.232304573059082;-0.31284162402153015;-0.3434687852859497;0.06564472542238926;-0.0050221677518815285;1.746979817321297;0.022997094318270683;0.023544559255242348;0.7662122845649719;0.6417441368103027;110;[[0.0, 0.7002075910568237, 0.0, 0.0], [0.0, 0.0, -1.2448135614395142, 0.0], [0.0, 0.0, 0.0, 10.0], [-1.0, 0.0, 0.0, 0.0]];1920;1080;25
105;1.215839147567749;-0.28924086689949036;-0.34069734811782837;0.1823179386053079;-0.025562048941183642;1.7463701747650588;0.06822782754898071;0.06158381700515747;0.7638818621635437;0.6387776732444763;110;[[0.0, 0.7002075910568237, 0.0, 0.0], [0.0, 0.0, -1.2448135614395142, 0.0], [0.0, 0.0, 0.0, 10.0], [-1.0, 0.0, 0.0, 0.0]];1920;1080;25
106;1.2000014781951904;-0.2721191346645355;-0.3385041058063507;0.26608419984973597;-0.03559146263765227;1.74990869549356;0.09855645895004272;0.09048839658498764;0.7621243596076965;0.6334547400474548;110;[[0.0, 0.7002075910568237, 0.0, 0.0], [0.0, 0.0, -1.2448135614395142, 0.0], [0.0, 0.0, 0.0, 10.0], [-1.0, 0.0, 0.0, 0.0]];1920;1080;25
107;1.1779556274414062;-0.25122877955436707;-0.3445546627044678;0.34711525834853824;-0.049339748713728315;1.7615694476618913;0.12862880527973175;0.11767681688070297;0.7621324062347412;0.6235069632530212;110;[[0.0, 0.7002075910568237, 0.0, 0.0], [0.0, 0.0, -1.2448135614395142, 0.0], [0.0, 0.0, 0.0, 10.0], [-1.0, 0.0, 0.0, 0.0]];1920;1080;25
108;1.1446747779846191;-0.23064620792865753;-0.33310946822166443;0.39595185704471625;-0.06102787557899648;1.7835690938303599;0.14674389362335205;0.13420170545578003;0.7664064168930054;0.6108004450798035;110;[[0.0, 0.7002075910568237, 0.0, 0.0], [0.0, 0.0, -1.2448135614395142, 0.0], [0.0, 0.0, 0.0, 10.0], [-1.0, 0.0, 0.0, 0.0]];1920;1080;25
109;1.1077994108200073;-0.20995956659317017;-0.3416469395160675;0.3921160542546257;-0.06737743853454416;1.8196566885897316;0.14559832215309143;0.13341018557548523;0.7778638005256653;0.5965993404388428;110;[[0.0, 0.7002075910568237, 0.0, 0.0], [0.0, 0.0, -1.2448135614395142, 0.0], [0.0, 0.0, 0.0, 10.0], [-1.0, 0.0, 0.0, 0.0]];1920;1080;25
110;1.0621647834777832;-0.18863952159881592;-0.3349134027957916;0.2650816534507198;-0.06251286607076549;1.867506275300408;0.10347038507461548;0.08775454014539719;0.7988750338554382;0.5859962105751038;110;[[0.0, 0.7002075910568237, 0.0, 0.0], [0.0, 0.0, -1.2448135614395142, 0.0], [0.0, 0.0, 0.0, 10.0], [-1.0, 0.0, 0.0, 0.0]];1920;1080;25
111;1.0127475261688232;-0.17007003724575043;-0.33619028329849243;0.1919483348009043;-0.0576259915397179;1.9189653219520348;0.07845939695835114;0.061980925500392914;0.8163723349571228;0.5688045024871826;110;[[0.0, 0.7002075910568237, 0.0, 0.0], [0.0, 0.0, -1.2448135614395142, 0.0], [0.0, 0.0, 0.0, 10.0], [-1.0, 0.0, 0.0, 0.0]];1920;1080;25
112;0.952727735042572;-0.1511610448360443;-0.3372063636779785;0.13612367636657804;-0.051040402600892515;1.9777169889506734;0.058636605739593506;0.04280339181423187;0.8341473340988159;0.5467427968978882;110;[[0.0, 0.7002075910568237, 0.0, 0.0], [0.0, 0.0, -1.2448135614395142, 0.0], [0.0, 0.0, 0.0, 10.0], [-1.0, 0.0, 0.0, 0.0]];1920;1080;25
113;0.9048810601234436;-0.13719893991947174;-0.3378920555114746;0.105512963616906;-0.044771548910879394;2.016639273635583;0.04702306538820267;0.03267643600702286;0.8451777696609497;0.5314090251922607;110;[[0.0, 0.7002075910568237, 0.0, 0.0], [0.0, 0.0, -1.2448135614395142, 0.0], [0.0, 0.0, 0.0, 10.0], [-1.0, 0.0, 0.0, 0.0]];1920;1080;25
114;0.8393996357917786;-0.11857268959283829;-0.3387305438518524;0.07484355906387041;-0.03616356288414418;2.0602742112237347;0.034744467586278915;0.022771872580051422;0.8569774031639099;0.5136768221855164;110;[[0.0, 0.7002075910568237, 0.0, 0.0], [0.0, 0.0, -1.2448135614395142, 0.0], [0.0, 0.0, 0.0, 10.0], [-1.0, 0.0, 0.0, 0.0]];1920;1080;25
115;0.7766823172569275;-0.10104980319738388;-0.33939293026924133;0.054310834493070066;-0.02876472072813911;2.0939823725778184;0.026028472930192947;0.01631831005215645;0.8657087087631226;0.49960434436798096;110;[[0.0, 0.7002075910568237, 0.0, 0.0], [0.0, 0.0, -1.2448135614395142, 0.0], [0.0, 0.0, 0.0, 10.0], [-1.0, 0.0, 0.0, 0.0]];1920;1080;25
116;0.7131204605102539;-0.08233413845300674;-0.3497249484062195;0.039523516618584366;-0.02256750220668778;2.1236001930811343;0.019479908049106598;0.011757029220461845;0.8731166124343872;0.48697999119758606;110;[[0.0, 0.7002075910568237, 0.0, 0.0], [0.0, 0.0, -1.2448135614395142, 0.0], [0.0, 0.0, 0.0, 10.0], [-1.0, 0.0, 0.0, 0.0]];1920;1080;25
117;0.6401981711387634;-0.06332671642303467;-0.3404058814048767;0.027628279869835303;-0.016750694430207325;2.147974933688426;0.013945736922323704;0.008151855319738388;0.8790484666824341;0.4764587879180908;110;[[0.0, 0.7002075910568237, 0.0, 0.0], [0.0, 0.0, -1.2448135614395142, 0.0], [0.0, 0.0, 0.0, 10.0], [-1.0, 0.0, 0.0, 0.0]];1920;1080;25
118;0.5883924961090088;-0.04905227571725845;-0.34064891934394836;0.021559147272939904;-0.013550160952543737;2.1633235788674017;0.011044939048588276;0.006332012824714184;0.8827025890350342;0.4697594940662384;110;[[0.0, 0.7002075910568237, 0.0, 0.0], [0.0, 0.0, -1.2448135614395142, 0.0], [0.0, 0.0, 0.0, 10.0], [-1.0, 0.0, 0.0, 0.0]];1920;1080;25
119;0.5278413891792297;-0.03119506686925888;-0.35073915123939514;0.016138523921134816;-0.01050937211693233;2.1795774534685526;0.008391594514250755;0.0047223507426679134;0.8865076899528503;0.46261361241340637;110;[[0.0, 0.7002075910568237, 0.0, 0.0], [0.0, 0.0, -1.2448135614395142, 0.0], [0.0, 0.0, 0.0, 10.0], [-1.0, 0.0, 0.0, 0.0]];1920;1080;25
120;0.45382869243621826;-0.01187973003834486;-0.34109625220298767;0.011355617508132746;-0.007631539176794372;2.19395630010609;0.00598601158708334;0.0033111812081187963;0.8898216485977173;0.456257164478302;110;[[0.0, 0.7002075910568237, 0.0, 0.0], [0.0, 0.0, -1.2448135614395142, 0.0], [0.0, 0.0, 0.0, 10.0], [-1.0, 0.0, 0.0, 0.0]];1920;1080;25
121;0.3884832262992859;0.0062394714914262295;-0.3412327766418457;0.008307289420906238;-0.005724190796933252;2.2050995350137894;0.004428616259247065;0.0024148104712367058;0.8923550248146057;0.45130589604377747;110;[[0.0, 0.7002075910568237, 0.0, 0.0], [0.0, 0.0, -1.2448135614395142, 0.0], [0.0, 0.0, 0.0, 10.0], [-1.0, 0.0, 0.0, 0.0]];1920;1080;25
122;0.32298293709754944;0.02437286265194416;-0.34132903814315796;0.006118996143823004;-0.004300951198884477;2.2154734741972573;0.0032906332053244114;0.0017767066601663828;0.8946866393089294;0.4466784596443176;110;[[0.0, 0.7002075910568237, 0.0, 0.0], [0.0, 0.0, -1.2448135614395142, 0.0], [0.0, 0.0, 0.0, 10.0], [-1.0, 0.0, 0.0, 0.0]];1920;1080;25
123;0.2566389739513397;0.04194198548793793;-0.3413916230201721;0.004427170115645659;-0.003266096043432117;2.2363290210527254;0.0024366681464016438;0.0012764859711751342;0.8992974162101746;0.43732893466949463;110;[[0.0, 0.7002075910568237, 0.0, 0.0], [0.0, 0.0, -1.2448135614395142, 0.0], [0.0, 0.0, 0.0, 10.0], [-1.0, 0.0, 0.0, 0.0]];1920;1080;25
124;0.1846691519021988;0.059706877917051315;-0.3414313793182373;0.003084441129513812;-0.002494335189298435;2.275683496328991;0.001779134850949049;0.0008766641840338707;0.9077291488647461;0.4195520579814911;110;[[0.0, 0.7002075910568237, 0.0, 0.0], [0.0, 0.0, -1.2448135614395142, 0.0], [0.0, 0.0, 0.0, 10.0], [-1.0, 0.0, 0.0, 0.0]];1920;1080;25
125;0.12996669113636017;0.07229416072368622;-0.3414425551891327;0.0023393216251043226;-0.002074479951637003;2.3167607349236103;0.0014190995134413242;0.0006558396853506565;0.9161545038223267;0.40082231163978577;110;[[0.0, 0.7002075910568237, 0.0, 0.0], [0.0, 0.0, -1.2448135614395142, 0.0], [0.0, 0.0, 0.0, 10.0], [-1.0, 0.0, 0.0, 0.0]];1920;1080;25
126;0.06543969362974167;0.08699050545692444;-0.3514047861099243;0.0016491393728186;-0.0016883607952353974;2.3812531299115296;0.0010898866457864642;0.0004524397954810411;0.9286012053489685;0.37107712030410767;110;[[0.0, 0.7002075910568237, 0.0, 0.0], [0.0, 0.0, -1.2448135614395142, 0.0], [0.0, 0.0, 0.0, 10.0], [-1.0, 0.0, 0.0, 0.0]];1920;1080;25
127;-0.00872755516320467;0.10154677927494049;-0.35142484307289124;0.0010768619301476955;-0.0013298986501664488;2.4640945279254454;0.0008060854743234813;0.0002868648152798414;0.9431708455085754;0.33230701088905334;110;[[0.0, 0.7002075910568237, 0.0, 0.0], [0.0, 0.0, -1.2448135614395142, 0.0], [0.0, 0.0, 0.0, 10.0], [-1.0, 0.0, 0.0, 0.0]];1920;1080;25
128;-0.08292047679424286;0.11415786296129227;-0.3414685130119324;0.000676623164379604;-0.0010354517311748812;2.552699493962408;0.0005936258821748197;0.00017350222333334386;0.9569627642631531;0.2902100682258606;110;[[0.0, 0.7002075910568237, 0.0, 0.0], [0.0, 0.0, -1.2448135614395142, 0.0], [0.0, 0.0, 0.0, 10.0], [-1.0, 0.0, 0.0, 0.0]];1920;1080;25
129;-0.15700632333755493;0.1263844221830368;-0.34147050976753235;0.0004019010372164773;-0.0008037088972545417;2.6568607184683017;0.00043833753443323076;9.863219747785479e-05;0.9707727432250977;0.23999997973442078;110;[[0.0, 0.7002075910568237, 0.0, 0.0], [0.0, 0.0, -1.2448135614395142, 0.0], [0.0, 0.0, 0.0, 10.0], [-1.0, 0.0, 0.0, 0.0]];1920;1080;25
130;-0.21226906776428223;0.1354324370622635;-0.35145512223243713;0.00025129366430536916;-0.0006616114786909638;2.7476259161397185;0.00034899901947937906;5.847437569173053e-05;0.9806613326072693;0.19571185111999512;110;[[0.0, 0.7002075910568237, 0.0, 0.0], [0.0, 0.0, -1.2448135614395142, 0.0], [0.0, 0.0, 0.0, 10.0], [-1.0, 0.0, 0.0, 0.0]];1920;1080;25
131;-0.2851134240627289;0.14577911794185638;-0.3514600992202759;0.00011678594313325888;-0.0004990100082151204;2.8656303977908437;0.0002551652432885021;2.352015144424513e-05;0.9904955625534058;0.13754364848136902;110;[[0.0, 0.7002075910568237, 0.0, 0.0], [0.0, 0.0, -1.2448135614395142, 0.0], [0.0, 0.0, 0.0, 10.0], [-1.0, 0.0, 0.0, 0.0]];1920;1080;25
132;-0.35688087344169617;0.15531021356582642;-0.35146278142929077;3.289284234855366e-05;-0.00036847594553212064;2.9894290338243836;0.0001849550608312711;2.3952034098329023e-06;0.997107207775116;0.07600843906402588;110;[[0.0, 0.7002075910568237, 0.0, 0.0], [0.0, 0.0, -1.2448135614395142, 0.0], [0.0, 0.0, 0.0, 10.0], [-1.0, 0.0, 0.0, 0.0]];1920;1080;25
133;-0.42735400795936584;0.16423538327217102;-0.35146376490592957;-1.4913703031479789e-05;-0.00026738647243953253;3.1179970145612534;0.00013359595322981477;-9.033584319695365e-06;0.9999304413795471;0.011797548271715641;110;[[0.0, 0.7002075910568237, 0.0, 0.0], [0.0, 0.0, -1.2448135614395142, 0.0], [0.0, 0.0, 0.0, 10.0], [-1.0, 0.0, 0.0, 0.0]];1920;1080;25
134;-0.4835450351238251;0.17120452225208282;-0.35146254301071167;-3.6218980084008306e-05;-0.00020289422093753944;-3.0578025231735353;-0.00010211656626779586;1.3844708519172855e-05;-0.9991225600242615;0.04188281297683716;110;[[0.0, 0.7002075910568237, 0.0, 0.0], [0.0, 0.0, -1.2448135614395142, 0.0], [0.0, 0.0, 0.0, 10.0], [-1.0, 0.0, 0.0, 0.0]];1920;1080;25
135;-0.5558196306228638;0.17973311245441437;-0.34143316745758057;-4.793689952101268e-05;-0.00013792510678421892;-2.922632927323348;-7.11685061105527e-05;1.6290015992126428e-05;-0.9940130114555359;0.10926127433776855;110;[[0.0, 0.7002075910568237, 0.0, 0.0], [0.0, 0.0, -1.2448135614395142, 0.0], [0.0, 0.0, 0.0, 10.0], [-1.0, 0.0, 0.0, 0.0]];1920;1080;25
136;-0.6096752285957336;0.18667204678058624;-0.3414228856563568;-5.0067424296683285e-05;-0.00010073185134016423;-2.8107543091384164;-5.380059519666247e-05;1.6398440493503585e-05;-0.9863494634628296;0.1646658182144165;110;[[0.0, 0.7002075910568237, 0.0, 0.0], [0.0, 0.0, -1.2448135614395142, 0.0], [0.0, 0.0, 0.0, 10.0], [-1.0, 0.0, 0.0, 0.0]];1920;1080;25
137;-0.6875341534614563;0.1962597668170929;-0.3213295042514801;-4.527372693638861e-05;-6.186961195716223e-05;-2.662139264266737;-3.5424993257038295e-05;1.4644443581346422e-05;-0.9714028835296631;0.23743712902069092;110;[[0.0, 0.7002075910568237, 0.0, 0.0], [0.0, 0.0, -1.2448135614395142, 0.0], [0.0, 0.0, 0.0, 10.0], [-1.0, 0.0, 0.0, 0.0]];1920;1080;25
138;-0.7409802079200745;0.206166073679924;-0.35144928097724915;-4.101268478548184e-05;-3.945827370818693e-05;-2.51136047364712;-2.5113147785305046e-05;1.3382028555497527e-05;-0.9507604241371155;0.3099268674850464;110;[[0.0, 0.7002075910568237, 0.0, 0.0], [0.0, 0.0, -1.2448135614395142, 0.0], [0.0, 0.0, 0.0, 10.0], [-1.0, 0.0, 0.0, 0.0]];1920;1080;25
139;-0.7893377542495728;0.21215850114822388;-0.32128652930259705;-3.5686347804982924e-05;-2.8252600845220982e-05;-2.4307978343865004;-1.9452287233434618e-05;1.1812693628598936e-05;-0.9375082850456238;0.34796297550201416;110;[[0.0, 0.7002075910568237, 0.0, 0.0], [0.0, 0.0, -1.2448135614395142, 0.0], [0.0, 0.0, 0.0, 10.0], [-1.0, 0.0, 0.0, 0.0]];1920;1080;25
140;-0.856848418712616;0.22670821845531464;-0.34137800335884094;-2.7696875401171342e-05;-1.3828276521880913e-05;-2.2627489713405655;-1.2148630958108697e-05;9.591418347554281e-06;-0.9049977660179138;0.4254162907600403;110;[[0.0, 0.7002075910568237, 0.0, 0.0], [0.0, 0.0, -1.2448135614395142, 0.0], [0.0, 0.0, 0.0, 10.0], [-1.0, 0.0, 0.0, 0.0]];1920;1080;25
141;-0.9067865014076233;0.2379179298877716;-0.34136471152305603;-2.2370553490716412e-05;-7.987022432307546e-06;-2.1682363764045784;-8.761097888054792e-06;8.018834705580957e-06;-0.8838913440704346;0.4676923155784607;110;[[0.0, 0.7002075910568237, 0.0, 0.0], [0.0, 0.0, -1.2448135614395142, 0.0], [0.0, 0.0, 0.0, 10.0], [-1.0, 0.0, 0.0, 0.0]];1920;1080;25
142;-0.9643296599388123;0.2531259059906006;-0.35142675042152405;-1.704422826544138e-05;-3.81469736972834e-06;-2.0679685451064342;-5.997268544888357e-06;6.348006081680069e-06;-0.8593433499336243;0.5113990306854248;110;[[0.0, 0.7002075910568237, 0.0, 0.0], [0.0, 0.0, -1.2448135614395142, 0.0], [0.0, 0.0, 0.0, 10.0], [-1.0, 0.0, 0.0, 0.0]];1920;1080;25
143;-1.0312590599060059;0.2707898020744324;-0.35142216086387634;-1.2250540631092634e-05;-1.668930603421621e-06;-1.9802015352663993;-4.0580384847999085e-06;4.663431354856584e-06;-0.8360812664031982;0.5486056208610535;110;[[0.0, 0.7002075910568237, 0.0, 0.0], [0.0, 0.0, -1.2448135614395142, 0.0], [0.0, 0.0, 0.0, 10.0], [-1.0, 0.0, 0.0, 0.0]];1920;1080;25
144;-1.0876294374465942;0.28508391976356506;-0.34133413434028625;-9.05474605214613e-06;-5.960465004484981e-07;-1.9241030987320689;-2.8334129638096783e-06;3.543683988027624e-06;-0.8203664422035217;0.5718381404876709;110;[[0.0, 0.7002075910568237, 0.0, 0.0], [0.0, 0.0, -1.2448135614395142, 0.0], [0.0, 0.0, 0.0, 10.0], [-1.0, 0.0, 0.0, 0.0]];1920;1080;25
145;-1.1436291933059692;0.3013326823711395;-0.3505743741989136;-2.7697079857079726e-05;-0.009853123140275252;-1.867323310178157;-0.0039682104252278805;-0.0029196422547101974;-0.8037939071655273;0.5948874354362488;110;[[0.0, 0.7002075910568237, 0.0, 0.0], [0.0, 0.0, -1.2448135614395142, 0.0], [0.0, 0.0, 0.0, 10.0], [-1.0, 0.0, 0.0, 0.0]];1920;1080;25
146;-1.2112207412719727;0.3110336363315582;-0.3121297359466553;-0.000929980495885532;-0.10247252128617763;-1.822993002813594;-0.040764980018138885;-0.03100467659533024;-0.7893985509872437;0.6117407083511353;110;[[0.0, 0.7002075910568237, 0.0, 0.0], [0.0, 0.0, -1.2448135614395142, 0.0], [0.0, 0.0, 0.0, 10.0], [-1.0, 0.0, 0.0, 0.0]];1920;1080;25
147;-1.2820714712142944;0.3224789500236511;-0.31939199566841125;-0.008225431858631846;-0.2393729336252876;-1.7654821332787463;-0.09482736885547638;-0.07266899198293686;-0.7672615647315979;0.6301084756851196;110;[[0.0, 0.7002075910568237, 0.0, 0.0], [0.0, 0.0, -1.2448135614395142, 0.0], [0.0, 0.0, 0.0, 10.0], [-1.0, 0.0, 0.0, 0.0]];1920;1080;25
148;-1.3331910371780396;0.3269244432449341;-0.32170921564102173;-0.014935509080449366;-0.31801588698160144;-1.7301636798135127;-0.12529820203781128;-0.0970798209309578;-0.752292275428772;0.6394779682159424;110;[[0.0, 0.7002075910568237, 0.0, 0.0], [0.0, 0.0, -1.2448135614395142, 0.0], [0.0, 0.0, 0.0, 10.0], [-1.0, 0.0, 0.0, 0.0]];1920;1080;25
149;-1.4038619995117188;0.3248155117034912;-0.29618996381759644;-0.021167862573446862;-0.3663971135427285;-1.6959360223376514;-0.14349673688411713;-0.11269956827163696;-0.7386224865913391;0.648956298828125;110;[[0.0, 0.7002075910568237, 0.0, 0.0], [0.0, 0.0, -1.2448135614395142, 0.0], [0.0, 0.0, 0.0, 10.0], [-1.0, 0.0, 0.0, 0.0]];1920;1080;25
150;-1.4711142778396606;0.3166368007659912;-0.31657272577285767;-0.027765557137158375;-0.3665106010155913;-1.6603193333008965;-0.1436912566423416;-0.1128760352730751;-0.7273182272911072;0.6615285277366638;110;[[0.0, 0.7002075910568237, 0.0, 0.0], [0.0, 0.0, -1.2448135614395142, 0.0], [0.0, 0.0, 0.0, 10.0], [-1.0, 0.0, 0.0, 0.0]];1920;1080;25
151;-1.5498838424682617;0.30033889412879944;-0.3177722990512848;-0.027143457569723015;-0.24733838631615246;-1.6354770511288672;-0.0992012545466423;-0.07452480494976044;-0.7251071333885193;0.6773660182952881;110;[[0.0, 0.7002075910568237, 0.0, 0.0], [0.0, 0.0, -1.2448135614395142, 0.0], [0.0, 0.0, 0.0, 10.0], [-1.0, 0.0, 0.0, 0.0]];1920;1080;25
152;-1.6160640716552734;0.27969175577163696;-0.3234799802303314;-0.024564997055918615;-0.1868932339741849;-1.616250685832555;-0.07590609043836594;-0.05561808869242668;-0.7205764055252075;0.6869604587554932;110;[[0.0, 0.7002075910568237, 0.0, 0.0], [0.0, 0.0, -1.2448135614395142, 0.0], [0.0, 0.0, 0.0, 10.0], [-1.0, 0.0, 0.0, 0.0]];1920;1080;25
153;-1.693061351776123;0.2499629110097885;-0.32835686206817627;-0.020657612193057468;-0.13425588303625752;-1.5975187958340828;-0.05524687469005585;-0.03940683603286743;-0.7153226733207703;0.6954915523529053;110;[[0.0, 0.7002075910568237, 0.0, 0.0], [0.0, 0.0, -1.2448135614395142, 0.0], [0.0, 0.0, 0.0, 10.0], [-1.0, 0.0, 0.0, 0.0]];1920;1080;25
154;-1.756473183631897;0.22194640338420868;-0.33121466636657715;-0.01748523952747121;-0.102783545169664;-1.5842745147098387;-0.04269802197813988;-0.029861297458410263;-0.7112043499946594;0.7010517120361328;110;[[0.0, 0.7002075910568237, 0.0, 0.0], [0.0, 0.0, -1.2448135614395142, 0.0], [0.0, 0.0, 0.0, 10.0], [-1.0, 0.0, 0.0, 0.0]];1920;1080;25
155;-1.8391386270523071;0.1823684722185135;-0.3340531885623932;-0.014638329946646541;-0.07115792412019309;-1.5575736852992412;-0.030191496014595032;-0.020180080085992813;-0.7021384239196777;0.7111138701438904;110;[[0.0, 0.7002075910568237, 0.0, 0.0], [0.0, 0.0, -1.2448135614395142, 0.0], [0.0, 0.0, 0.0, 10.0], [-1.0, 0.0, 0.0, 0.0]];1920;1080;25
156;-1.8969314098358154;0.15304626524448395;-0.3355501592159271;-0.013301424957061478;-0.054306020256838214;-1.5291320660087877;-0.023591138422489166;-0.014990968629717827;-0.6920837163925171;0.721275806427002;110;[[0.0, 0.7002075910568237, 0.0, 0.0], [0.0, 0.0, -1.2448135614395142, 0.0], [0.0, 0.0, 0.0, 10.0], [-1.0, 0.0, 0.0, 0.0]];1920;1080;25
157;-1.9874790906906128;0.10501006990671158;-0.33721160888671875;-0.011636410444800738;-0.03552758573564198;-1.468982209648926;-0.016222039237618446;-0.009284092113375664;-0.6701691746711731;0.7419729828834534;110;[[0.0, 0.7002075910568237, 0.0, 0.0], [0.0, 0.0, -1.2448135614395142, 0.0], [0.0, 0.0, 0.0, 10.0], [-1.0, 0.0, 0.0, 0.0]];1920;1080;25
158;-2.043792724609375;0.07396773993968964;-0.3485821485519409;-0.010763433800657099;-0.026947494652850557;-1.4178947458962836;-0.012856080196797848;-0.006723405793309212;-0.6510216593742371;0.758920431137085;110;[[0.0, 0.7002075910568237, 0.0, 0.0], [0.0, 0.0, -1.2448135614395142, 0.0], [0.0, 0.0, 0.0, 10.0], [-1.0, 0.0, 0.0, 0.0]];1920;1080;25
159;-2.1176347732543945;0.03275420889258385;-0.3387136459350586;0.012038245699023736;-0.018580320028597518;-1.3499784040459304;-0.0011061481200158596;-0.01101381704211235;-0.6248069405555725;0.7807008624076843;110;[[0.0, 0.7002075910568237, 0.0, 0.0], [0.0, 0.0, -1.2448135614395142, 0.0], [0.0, 0.0, 0.0, 10.0], [-1.0, 0.0, 0.0, 0.0]];1920;1080;25
160;-2.1792192459106445;-0.0039314269088208675;-0.34902822971343994;0.13071460797314596;-0.016084311307195204;-1.2683018689233279;0.04785633459687233;-0.04515963792800903;-0.5907865166664124;0.8041403293609619;110;[[0.0, 0.7002075910568237, 0.0, 0.0], [0.0, 0.0, -1.2448135614395142, 0.0], [0.0, 0.0, 0.0, 10.0], [-1.0, 0.0, 0.0, 0.0]];1920;1080;25
161;-2.247835636138916;-0.044057462364435196;-0.33667701482772827;0.22997490444173188;-0.024573441948924527;-1.1777896445103349;0.08862129598855972;-0.07387280464172363;-0.550560474395752;0.8267841935157776;110;[[0.0, 0.7002075910568237, 0.0, 0.0], [0.0, 0.0, -1.2448135614395142, 0.0], [0.0, 0.0, 0.0, 10.0], [-1.0, 0.0, 0.0, 0.0]];1920;1080;25
162;-2.299927234649658;-0.07439514249563217;-0.3357052505016327;0.22744854131307934;-0.03647733543517649;-1.0992104577813453;0.08728627860546112;-0.07471746951341629;-0.5171253085136414;0.8481626510620117;110;[[0.0, 0.7002075910568237, 0.0, 0.0], [0.0, 0.0, -1.2448135614395142, 0.0], [0.0, 0.0, 0.0, 10.0], [-1.0, 0.0, 0.0, 0.0]];1920;1080;25
163;-2.3608081340789795;-0.1098785400390625;-0.3358724117279053;0.1563635684161926;-0.044486519558513446;-1.0123545178719389;0.057541053742170334;-0.057250507175922394;-0.4817175567150116;0.8725592494010925;110;[[0.0, 0.7002075910568237, 0.0, 0.0], [0.0, 0.0, -1.2448135614395142, 0.0], [0.0, 0.0, 0.0, 10.0], [-1.0, 0.0, 0.0, 0.0]];1920;1080;25
164;-2.422741651535034;-0.1461949199438095;-0.33649829030036926;0.10864899054553814;-0.04217754871065941;-0.9330687499163837;0.03901342302560806;-0.04322326183319092;-0.4480077028274536;0.8921315670013428;110;[[0.0, 0.7002075910568237, 0.0, 0.0], [0.0, 0.0, -1.2448135614395142, 0.0], [0.0, 0.0, 0.0, 10.0], [-1.0, 0.0, 0.0, 0.0]];1920;1080;25
165;-2.4825351238250732;-0.18178130686283112;-0.3476903438568115;0.0768527525289259;-0.03660618873336168;-0.8641287670481063;0.027222417294979095;-0.03269215300679207;-0.4177286624908447;0.9075753092765808;110;[[0.0, 0.7002075910568237, 0.0, 0.0], [0.0, 0.0, -1.2448135614395142, 0.0], [0.0, 0.0, 0.0, 10.0], [-1.0, 0.0, 0.0, 0.0]];1920;1080;25
166;-2.5304553508758545;-0.21059569716453552;-0.3482549488544464;0.058558948004018355;-0.031167985455212707;-0.8202599206242163;0.020633334293961525;-0.025956368073821068;-0.39809083938598633;0.9167465567588806;110;[[0.0, 0.7002075910568237, 0.0, 0.0], [0.0, 0.0, -1.2448135614395142, 0.0], [0.0, 0.0, 0.0, 10.0], [-1.0, 0.0, 0.0, 0.0]];1920;1080;25
167;-2.588724374771118;-0.24605880677700043;-0.34888356924057007;0.04103438666671046;-0.02467369843362559;-0.7750603638576412;0.014331935904920101;-0.019171692430973053;-0.3775602877140045;0.9256755709648132;110;[[0.0, 0.7002075910568237, 0.0, 0.0], [0.0, 0.0, -1.2448135614395142, 0.0], [0.0, 0.0, 0.0, 10.0], [-1.0, 0.0, 0.0, 0.0]];1920;1080;25
168;-2.6247782707214355;-0.2682234048843384;-0.34922027587890625;0.033077388154051895;-0.021093846677818075;-0.7510121778941428;0.011517342180013657;-0.015875354409217834;-0.3665105700492859;0.9302071928977966;110;[[0.0, 0.7002075910568237, 0.0, 0.0], [0.0, 0.0, -1.2448135614395142, 0.0], [0.0, 0.0, 0.0, 10.0], [-1.0, 0.0, 0.0, 0.0]];1920;1080;25
169;-2.6857552528381348;-0.3059709072113037;-0.3392697870731354;0.023113064369330093;-0.015844224900586908;-0.7181561176044996;0.008035185746848583;-0.01147715374827385;-0.3512910306453705;0.9361615180969238;110;[[0.0, 0.7002075910568237, 0.0, 0.0], [0.0, 0.0, -1.2448135614395142, 0.0], [0.0, 0.0, 0.0, 10.0], [-1.0, 0.0, 0.0, 0.0]];1920;1080;25
170;-2.749692678451538;-0.3460990786552429;-0.3500886559486389;0.01565961946346169;-0.011566519606041143;-0.6866626592289267;0.0054259272292256355;-0.008081188425421715;-0.3365672826766968;0.9416090846061707;110;[[0.0, 0.7002075910568237, 0.0, 0.0], [0.0, 0.0, -1.2448135614395142, 0.0], [0.0, 0.0, 0.0, 10.0], [-1.0, 0.0, 0.0, 0.0]];1920;1080;25
171;-2.799701452255249;-0.38226303458213806;-0.323260098695755;0.011191182604320971;-0.08035074739753066;-0.6696183658487272;-0.007916833274066448;-0.03977091237902641;-0.3281064033508301;0.9437699913978577;110;[[0.0, 0.7002075910568237, 0.0, 0.0], [0.0, 0.0, -1.2448135614395142, 0.0], [0.0, 0.0, 0.0, 10.0], [-1.0, 0.0, 0.0, 0.0]];1920;1080;25
172;-2.852543592453003;-0.4260397255420685;-0.3308575749397278;0.005559865915883078;-0.22261509258888357;-0.6489209473221011;-0.03279262036085129;-0.10616246610879898;-0.3165307343006134;0.9420523047447205;110;[[0.0, 0.7002075910568237, 0.0, 0.0], [0.0, 0.0, -1.2448135614395142, 0.0], [0.0, 0.0, 0.0, 10.0], [-1.0, 0.0, 0.0, 0.0]];1920;1080;25
173;-2.892291784286499;-0.45991697907447815;-0.3230178654193878;0.001541833442544359;-0.30250262099498476;-0.6365763248123929;-0.04642863944172859;-0.1433456838130951;-0.30925798416137695;0.938965380191803;110;[[0.0, 0.7002075910568237, 0.0, 0.0], [0.0, 0.0, -1.2448135614395142, 0.0], [0.0, 0.0, 0.0, 10.0], [-1.0, 0.0, 0.0, 0.0]];1920;1080;25
174;-2.94399356842041;-0.5092706084251404;-0.30551832914352417;-0.0029842979082551984;-0.3715019290488879;-0.6223909794761505;-0.0579458512365818;-0.1753646731376648;-0.30119168758392334;0.9355068206787109;110;[[0.0, 0.7002075910568237, 0.0, 0.0], [0.0, 0.0, -1.2448135614395142, 0.0], [0.0, 0.0, 0.0, 10.0], [-1.0, 0.0, 0.0, 0.0]];1920;1080;25
175;-2.9744246006011963;-0.5452311635017395;-0.3109801411628723;-0.005722049673652427;-0.4201354776219871;-0.6129485055407236;-0.0655796229839325;-0.19796448945999146;-0.29563432931900024;0.9322605729103088;110;[[0.0, 0.7002075910568237, 0.0, 0.0], [0.0, 0.0, -1.2448135614395142, 0.0], [0.0, 0.0, 0.0, 10.0], [-1.0, 0.0, 0.0, 0.0]];1920;1080;25
176;-3.014597177505493;-0.6031115651130676;-0.2971128821372986;-0.007863278506852648;-0.44937469949710535;-0.6024615084421997;-0.06976399570703506;-0.2116304636001587;-0.2900722622871399;0.9307006001472473;110;[[0.0, 0.7002075910568237, 0.0, 0.0], [0.0, 0.0, -1.2448135614395142, 0.0], [0.0, 0.0, 0.0, 10.0], [-1.0, 0.0, 0.0, 0.0]];1920;1080;25
177;-3.030223846435547;-0.6307095289230347;-0.32359686493873596;-0.008754309641299172;-0.40042170875293465;-0.5976598927575656;-0.06264856457710266;-0.18879739940166473;-0.28935059905052185;0.936326265335083;110;[[0.0, 0.7002075910568237, 0.0, 0.0], [0.0, 0.0, -1.2448135614395142, 0.0], [0.0, 0.0, 0.0, 10.0], [-1.0, 0.0, 0.0, 0.0]];1920;1080;25
178;-3.062068462371826;-0.7094680666923523;-0.32686102390289307;-0.0079165316997825;-0.25844588108615657;-0.5903096257696727;-0.041240084916353226;-0.12214838713407516;-0.2889483869075775;0.9486242532730103;110;[[0.0, 0.7002075910568237, 0.0, 0.0], [0.0, 0.0, -1.2448135614395142, 0.0], [0.0, 0.0, 0.0, 10.0], [-1.0, 0.0, 0.0, 0.0]];1920;1080;25
179;-3.0748684406280518;-0.7582656741142273;-0.31043073534965515;-0.006947112076355664;-0.20139944249609815;-0.58722268311038;-0.032402243465185165;-0.09522667527198792;-0.288277268409729;0.9522490501403809;110;[[0.0, 0.7002075910568237, 0.0, 0.0], [0.0, 0.0, -1.2448135614395142, 0.0], [0.0, 0.0, 0.0, 10.0], [-1.0, 0.0, 0.0, 0.0]];1920;1080;25
180;-3.0861318111419678;-0.8423690795898438;-0.3274160623550415;-0.005593711619399196;-0.13705538924249713;-0.581763015483088;-0.022311141714453697;-0.06479707360267639;-0.2863060235977173;0.955684244632721;110;[[0.0, 0.7002075910568237, 0.0, 0.0], [0.0, 0.0, -1.2448135614395142, 0.0], [0.0, 0.0, 0.0, 10.0], [-1.0, 0.0, 0.0, 0.0]];1920;1080;25
181;-3.092228889465332;-0.9105718731880188;-0.30884918570518494;-0.004471449193308564;-0.10061204667519934;-0.5788356798907724;-0.016490990296006203;-0.04755609482526779;-0.2851403057575226;0.9571632742881775;110;[[0.0, 0.7002075910568237, 0.0, 0.0], [0.0, 0.0, -1.2448135614395142, 0.0], [0.0, 0.0, 0.0, 10.0], [-1.0, 0.0, 0.0, 0.0]];1920;1080;25
182;-3.0911881923675537;-0.9746719002723694;-0.34382158517837524;-0.0037193656308665843;-0.07736313042040961;-0.575699005106434;-0.012760422192513943;-0.03655321151018143;-0.28374698758125305;0.9581171870231628;110;[[0.0, 0.7002075910568237, 0.0, 0.0], [0.0, 0.0, -1.2448135614395142, 0.0], [0.0, 0.0, 0.0, 10.0], [-1.0, 0.0, 0.0, 0.0]];1920;1080;25
183;-3.0903987884521484;-1.072318434715271;-0.3461281955242157;-0.0026775426679220803;-0.05157208469969522;-0.5725385380609412;-0.008564388379454613;-0.02435597963631153;-0.282314270734787;0.9589745402336121;110;[[0.0, 0.7002075910568237, 0.0, 0.0], [0.0, 0.0, -1.2448135614395142, 0.0], [0.0, 0.0, 0.0, 10.0], [-1.0, 0.0, 0.0, 0.0]];1920;1080;25
184;-3.091620922088623;-1.129402756690979;-0.3143889307975769;-0.002179530205660019;-0.040680883769771824;-0.5713501070970326;-0.006777026690542698;-0.019207682460546494;-0.2817680239677429;0.9592663049697876;110;[[0.0, 0.7002075910568237, 0.0, 0.0], [0.0, 0.0, -1.2448135614395142, 0.0], [0.0, 0.0, 0.0, 10.0], [-1.0, 0.0, 0.0, 0.0]];1920;1080;25
185;-3.08834171295166;-1.2095324993133545;-0.3263658583164215;-0.0016266568394430225;-0.02905821417298551;-0.5694022212630692;-0.004861161112785339;-0.01371533703058958;-0.28085222840309143;0.959640622138977;110;[[0.0, 0.7002075910568237, 0.0, 0.0], [0.0, 0.0, -1.2448135614395142, 0.0], [0.0, 0.0, 0.0, 10.0], [-1.0, 0.0, 0.0, 0.0]];1920;1080;25
186;-3.084637403488159;-1.2851144075393677;-0.3379440903663635;-0.0012452940500951308;-0.021569967632469614;-0.567895381411232;-0.00361900613643229;-0.010178495198488235;-0.2801375389099121;0.9598990678787231;110;[[0.0, 0.7002075910568237, 0.0, 0.0], [0.0, 0.0, -1.2448135614395142, 0.0], [0.0, 0.0, 0.0, 10.0], [-1.0, 0.0, 0.0, 0.0]];1920;1080;25
187;-3.0805680751800537;-1.3609554767608643;-0.34930747747421265;-0.0009491501019325178;-0.015944360749872225;-0.5666539840446979;-0.002684251172468066;-0.007521589286625385;-0.27954626083374023;0.9600989818572998;110;[[0.0, 0.7002075910568237, 0.0, 0.0], [0.0, 0.0, -1.2448135614395142, 0.0], [0.0, 0.0, 0.0, 10.0], [-1.0, 0.0, 0.0, 0.0]];1920;1080;25
188;-3.0776522159576416;-1.4406042098999023;-0.3389008641242981;-0.0007004117734365315;-0.011493682645583586;-0.5656902970339062;-0.0019401554018259048;-0.005420724395662546;-0.279086172580719;0.9602488279342651;110;[[0.0, 0.7002075910568237, 0.0, 0.0], [0.0, 0.0, -1.2448135614395142, 0.0], [0.0, 0.0, 0.0, 10.0], [-1.0, 0.0, 0.0, 0.0]];1920;1080;25
189;-3.075423002243042;-1.4858797788619995;-0.33909475803375244;-0.0005922865252427736;-0.009622453791211882;-0.5651900138319992;-0.0016259925905615091;-0.004537793807685375;-0.278846800327301;0.9603234529495239;110;[[0.0, 0.7002075910568237, 0.0, 0.0], [0.0, 0.0, -1.2448135614395142, 0.0], [0.0, 0.0, 0.0, 10.0], [-1.0, 0.0, 0.0, 0.0]];1920;1080;25
190;-3.070543050765991;-1.5815670490264893;-0.3394028842449188;-0.0004122575080547292;-0.006540775507547164;-0.5642810595175146;-0.0011084917932748795;-0.003083687974140048;-0.278411328792572;0.960456371307373;110;[[0.0, 0.7002075910568237, 0.0, 0.0], [0.0, 0.0, -1.2448135614395142, 0.0], [0.0, 0.0, 0.0, 10.0], [-1.0, 0.0, 0.0, 0.0]];1920;1080;25
191;-3.063410997390747;-1.6543807983398438;-0.3500993251800537;0.06023598755364707;-0.0063575496133885;-0.5587399269682982;0.0280696302652359;-0.011357884854078293;-0.2755316495895386;0.960814893245697;110;[[0.0, 0.7002075910568237, 0.0, 0.0], [0.0, 0.0, -1.2448135614395142, 0.0], [0.0, 0.0, 0.0, 10.0], [-1.0, 0.0, 0.0, 0.0]];1920;1080;25
192;-3.053711414337158;-1.722499966621399;-0.3481299877166748;0.17368742505830684;-0.020157459470626648;-0.54289716088293;0.08086228370666504;-0.032927658408880234;-0.26626110076904297;0.9599385261535645;110;[[0.0, 0.7002075910568237, 0.0, 0.0], [0.0, 0.0, -1.2448135614395142, 0.0], [0.0, 0.0, 0.0, 10.0], [-1.0, 0.0, 0.0, 0.0]];1920;1080;25
193;-3.0422279834747314;-1.796033263206482;-0.33493685722351074;0.27690517774182266;-0.032535314967598386;-0.5109838821093631;0.12944139540195465;-0.05046193301677704;-0.24809780716896057;0.9587209820747375;110;[[0.0, 0.7002075910568237, 0.0, 0.0], [0.0, 0.0, -1.2448135614395142, 0.0], [0.0, 0.0, 0.0, 10.0], [-1.0, 0.0, 0.0, 0.0]];1920;1080;25
194;-3.027944803237915;-1.8611925840377808;-0.332091748714447;0.3506477818290095;-0.048660743856985704;-0.4659995048435223;0.16413235664367676;-0.063570536673069;-0.22316154837608337;0.9587586522102356;110;[[0.0, 0.7002075910568237, 0.0, 0.0], [0.0, 0.0, -1.2448135614395142, 0.0], [0.0, 0.0, 0.0, 10.0], [-1.0, 0.0, 0.0, 0.0]];1920;1080;25
195;-3.0107336044311523;-1.9170082807540894;-0.33984503149986267;0.40849685473797565;-0.06712866531151704;-0.40921257574406894;0.19181190431118011;-0.07336342334747314;-0.1921815723180771;0.9596313834190369;110;[[0.0, 0.7002075910568237, 0.0, 0.0], [0.0, 0.0, -1.2448135614395142, 0.0], [0.0, 0.0, 0.0, 10.0], [-1.0, 0.0, 0.0, 0.0]];1920;1080;25
196;-2.9959847927093506;-1.959871768951416;-0.32815203070640564;0.42462981313171994;-0.07117355181745026;-0.3522865448974979;0.2012367844581604;-0.07114468514919281;-0.16380925476551056;0.9631244540214539;110;[[0.0, 0.7002075910568237, 0.0, 0.0], [0.0, 0.0, -1.2448135614395142, 0.0], [0.0, 0.0, 0.0, 10.0], [-1.0, 0.0, 0.0, 0.0]];1920;1080;25
197;-2.975233316421509;-2.013157844543457;-0.32943642139434814;0.31506185310428725;-0.0825909236243135;-0.27023871937158045;0.1498253345489502;-0.06151600182056427;-0.12650959193706512;0.9786538481712341;110;[[0.0, 0.7002075910568237, 0.0, 0.0], [0.0, 0.0, -1.2448135614395142, 0.0], [0.0, 0.0, 0.0, 10.0], [-1.0, 0.0, 0.0, 0.0]];1920;1080;25
198;-2.95520281791687;-2.052957057952881;-0.31973007321357727;0.2365429107201841;-0.08290194097983183;-0.19352581132886917;0.11336752027273178;-0.05234714597463608;-0.09098787605762482;0.9879922866821289;110;[[0.0, 0.7002075910568237, 0.0, 0.0], [0.0, 0.0, -1.2448135614395142, 0.0], [0.0, 0.0, 0.0, 10.0], [-1.0, 0.0, 0.0, 0.0]];1920;1080;25
199;-2.928287982940674;-2.0960793495178223;-0.31026867032051086;0.1583822282850327;-0.07670057479420232;-0.09806405871445083;0.07708190381526947;-0.04204922914505005;-0.04579341411590576;0.9950845837593079;110;[[0.0, 0.7002075910568237, 0.0, 0.0], [0.0, 0.0, -1.2448135614395142, 0.0], [0.0, 0.0, 0.0, 10.0], [-1.0, 0.0, 0.0, 0.0]];1920;1080;25
200;-2.8969945907592773;-2.1365554332733154;-0.33356842398643494;0.10688079864083629;-0.06596649557492922;-0.00499928671861567;0.05330343171954155;-0.033063530921936035;-0.0007332406239584088;0.9980306029319763;110;[[0.0, 0.7002075910568237, 0.0, 0.0], [0.0, 0.0, -1.2448135614395142, 0.0], [0.0, 0.0, 0.0, 10.0], [-1.0, 0.0, 0.0, 0.0]];1920;1080;25
201;-2.8799829483032227;-2.1573288440704346;-0.3452436625957489;0.08696788744238361;-0.05905293560487456;0.03590863456690712;0.04397381469607353;-0.028709422796964645;0.019211694598197937;0.9984351992607117;110;[[0.0, 0.7002075910568237, 0.0, 0.0], [0.0, 0.0, -1.2448135614395142, 0.0], [0.0, 0.0, 0.0, 10.0], [-1.0, 0.0, 0.0, 0.0]];1920;1080;25
202;-2.8447749614715576;-2.199354887008667;-0.3466847836971283;0.05636305749859851;-0.044490811687130365;0.10107718181249721;0.029258092865347862;-0.02078324183821678;0.05111050233244896;0.998047947883606;110;[[0.0, 0.7002075910568237, 0.0, 0.0], [0.0, 0.0, -1.2448135614395142, 0.0], [0.0, 0.0, 0.0, 10.0], [-1.0, 0.0, 0.0, 0.0]];1920;1080;25
203;-2.811112642288208;-2.237668514251709;-0.33691269159317017;0.0374466335414449;-0.0328787467409634;0.14767412508490763;0.019881153479218483;-0.015010017901659012;0.07405402511358261;0.9969429969787598;110;[[0.0, 0.7002075910568237, 0.0, 0.0], [0.0, 0.0, -1.2448135614395142, 0.0], [0.0, 0.0, 0.0, 10.0], [-1.0, 0.0, 0.0, 0.0]];1920;1080;25
204;-2.787654399871826;-2.263138771057129;-0.3375018537044525;0.02886605804428924;-0.026830077582186158;0.17507567420670084;0.015548638999462128;-0.012100214138627052;0.08760197460651398;0.9959607124328613;110;[[0.0, 0.7002075910568237, 0.0, 0.0], [0.0, 0.0, -1.2448135614395142, 0.0], [0.0, 0.0, 0.0, 10.0], [-1.0, 0.0, 0.0, 0.0]];1920;1080;25
205;-2.760714292526245;-2.292118549346924;-0.3272528052330017;0.02124457532111051;-0.02080344827681297;0.20056346658486884;0.011609429493546486;-0.00928533636033535;0.10021261125802994;0.9948549270629883;110;[[0.0, 0.7002075910568237, 0.0, 0.0], [0.0, 0.0, -1.2448135614395142, 0.0], [0.0, 0.0, 0.0, 10.0], [-1.0, 0.0, 0.0, 0.0]];1920;1080;25
206;-2.7238190174102783;-2.330502510070801;-0.3386371433734894;0.014261904679593958;-0.014933345259918716;0.2311457517543666;0.007944119162857533;-0.0065943230874836445;0.1153625100851059;0.9932697415351868;110;[[0.0, 0.7002075910568237, 0.0, 0.0], [0.0, 0.0, -1.2448135614395142, 0.0], [0.0, 0.0, 0.0, 10.0], [-1.0, 0.0, 0.0, 0.0]];1920;1080;25
207;-2.697467803955078;-2.3577346801757812;-0.3389539122581482;0.010731438785959425;-0.011668322515513323;0.2483474132867651;0.006046864204108715;-0.005124568473547697;0.12388202548027039;0.9922652244567871;110;[[0.0, 0.7002075910568237, 0.0, 0.0], [0.0, 0.0, -1.2448135614395142, 0.0], [0.0, 0.0, 0.0, 10.0], [-1.0, 0.0, 0.0, 0.0]];1920;1080;25
208;-2.6658265590667725;-2.38969087600708;-0.34966394305229187;0.00780663476014695;-0.012737394080005328;0.26606725344029486;0.004713481292128563;-0.005794602446258068;0.13266250491142273;0.9911331534385681;110;[[0.0, 0.7002075910568237, 0.0, 0.0], [0.0, 0.0, -1.2448135614395142, 0.0], [0.0, 0.0, 0.0, 10.0], [-1.0, 0.0, 0.0, 0.0]];1920;1080;25
209;-2.633779287338257;-2.41536283493042;-0.34161993861198425;0.005693240435515111;-0.10411798099586711;0.27798200481572316;0.010024514980614185;-0.05113960802555084;0.1385023593902588;0.988990068435669;110;[[0.0, 0.7002075910568237, 0.0, 0.0], [0.0, 0.0, -1.2448135614395142, 0.0], [0.0, 0.0, 0.0, 10.0], [-1.0, 0.0, 0.0, 0.0]];1920;1080;25
210;-2.582326650619507;-2.4531667232513428;-0.3182418644428253;0.0017732616308087285;-0.23848065564905765;0.29318971539153316;0.018247118219733238;-0.11755340546369553;0.14513744413852692;0.9822338819503784;110;[[0.0, 0.7002075910568237, 0.0, 0.0], [0.0, 0.0, -1.2448135614395142, 0.0], [0.0, 0.0, 0.0, 10.0], [-1.0, 0.0, 0.0, 0.0]];1920;1080;25
211;-2.540195941925049;-2.478358507156372;-0.3104538321495056;-0.0010370431280707561;-0.3165992358362909;0.3030641876790169;0.023289930075407028;-0.1559101939201355;0.1489846259355545;0.9761931896209717;110;[[0.0, 0.7002075910568237, 0.0, 0.0], [0.0, 0.0, -1.2448135614395142, 0.0], [0.0, 0.0, 0.0, 10.0], [-1.0, 0.0, 0.0, 0.0]];1920;1080;25
212;-2.4794890880584717;-2.5060365200042725;-0.30330321192741394;-0.003931350265571332;-0.3859053828056111;0.3136596684334751;0.028044605627655983;-0.18970519304275513;0.15291664004325867;0.9694545269012451;110;[[0.0, 0.7002075910568237, 0.0, 0.0], [0.0, 0.0, -1.2448135614395142, 0.0], [0.0, 0.0, 0.0, 10.0], [-1.0, 0.0, 0.0, 0.0]];1920;1080;25
213;-2.4235594272613525;-2.52427339553833;-0.29917794466018677;-0.005562256430495454;-0.423731184619158;0.32073614647575227;0.030894318595528603;-0.20801925659179688;0.15553320944309235;0.9651854634284973;110;[[0.0, 0.7002075910568237, 0.0, 0.0], [0.0, 0.0, -1.2448135614395142, 0.0], [0.0, 0.0, 0.0, 10.0], [-1.0, 0.0, 0.0, 0.0]];1920;1080;25
214;-2.3475546836853027;-2.541726589202881;-0.29530927538871765;-0.006867224425872052;-0.4582501540397755;0.32787266220743666;0.033768314868211746;-0.22462476789951324;0.15816743671894073;0.9609300494194031;110;[[0.0, 0.7002075910568237, 0.0, 0.0], [0.0, 0.0, -1.2448135614395142, 0.0], [0.0, 0.0, 0.0, 10.0], [-1.0, 0.0, 0.0, 0.0]];1920;1080;25
215;-2.273487091064453;-2.5543313026428223;-0.3000572919845581;-0.007262436886765323;-0.40849369235178523;0.3326703202140462;0.030075479298830032;-0.2006177008152008;0.16140027344226837;0.9658146500587463;110;[[0.0, 0.7002075910568237, 0.0, 0.0], [0.0, 0.0, -1.2448135614395142, 0.0], [0.0, 0.0, 0.0, 10.0], [-1.0, 0.0, 0.0, 0.0]];1920;1080;25
216;-2.1611809730529785;-2.568784236907959;-0.31292545795440674;-0.006606246314285577;-0.2785612369076647;0.33757161255164553;0.020096782594919205;-0.1374066323041916;0.16590581834316254;0.976314902305603;110;[[0.0, 0.7002075910568237, 0.0, 0.0], [0.0, 0.0, -1.2448135614395142, 0.0], [0.0, 0.0, 0.0, 10.0], [-1.0, 0.0, 0.0, 0.0]];1920;1080;25
217;-2.0719006061553955;-2.5766103267669678;-0.31915363669395447;-0.005832858032030895;-0.21364890035145112;0.3406011886751388;0.01521211676299572;-0.1055700033903122;0.1682053506374359;0.979964554309845;110;[[0.0, 0.7002075910568237, 0.0, 0.0], [0.0, 0.0, -1.2448135614395142, 0.0], [0.0, 0.0, 0.0, 10.0], [-1.0, 0.0, 0.0, 0.0]];1920;1080;25
218;-1.9474929571151733;-2.5844099521636963;-0.325032114982605;-0.004726577182448882;-0.15121852831369112;0.34399735997222797;0.01060654316097498;-0.07482578605413437;0.17048653960227966;0.9824575781822205;110;[[0.0, 0.7002075910568237, 0.0, 0.0], [0.0, 0.0, -1.2448135614395142, 0.0], [0.0, 0.0, 0.0, 10.0], [-1.0, 0.0, 0.0, 0.0]];1920;1080;25
219;-1.8477225303649902;-2.5889036655426025;-0.32827913761138916;-0.003938280312716328;-0.11620484369879769;0.34621572222585506;0.008065744303166866;-0.05754033103585243;0.17184096574783325;0.9834097027778625;110;[[0.0, 0.7002075910568237, 0.0, 0.0], [0.0, 0.0, -1.2448135614395142, 0.0], [0.0, 0.0, 0.0, 10.0], [-1.0, 0.0, 0.0, 0.0]];1920;1080;25
220;-1.7209587097167969;-2.5930867195129395;-0.33123648166656494;-0.0031909998958917552;-0.08404827135608069;0.3496072061925224;0.005736657418310642;-0.04164871945977211;0.17369495332241058;0.9839017391204834;110;[[0.0, 0.7002075910568237, 0.0, 0.0], [0.0, 0.0, -1.2448135614395142, 0.0], [0.0, 0.0, 0.0, 10.0], [-1.0, 0.0, 0.0, 0.0]];1920;1080;25
221;-1.588093876838684;-2.5957581996917725;-0.3448801338672638;-0.0029539778404425723;-0.05987572529390732;0.3589011470833114;0.0038901555817574263;-0.029716193675994873;0.1783653199672699;0.9835078120231628;110;[[0.0, 0.7002075910568237, 0.0, 0.0], [0.0, 0.0, -1.2448135614395142, 0.0], [0.0, 0.0, 0.0, 10.0], [-1.0, 0.0, 0.0, 0.0]];1920;1080;25
222;-1.4768580198287964;-2.597226858139038;-0.3348241448402405;-0.0030354720515875224;-0.044867879309096935;0.3741683495668849;0.0026813633739948273;-0.02232282981276512;0.1859142780303955;0.9823086857795715;110;[[0.0, 0.7002075910568237, 0.0, 0.0], [0.0, 0.0, -1.2448135614395142, 0.0], [0.0, 0.0, 0.0, 10.0], [-1.0, 0.0, 0.0, 0.0]];1920;1080;25
223;-1.3429796695709229;-2.5952672958374023;-0.34734678268432617;0.02600368410421479;-0.03217147883299095;0.4102342357049684;0.016003236174583435;-0.013098704628646374;0.20384301245212555;0.9787850975990295;110;[[0.0, 0.7002075910568237, 0.0, 0.0], [0.0, 0.0, -1.2448135614395142, 0.0], [0.0, 0.0, 0.0, 10.0], [-1.0, 0.0, 0.0, 0.0]];1920;1080;25
224;-1.2094933986663818;-2.586641550064087;-0.33497223258018494;0.14483242250421044;-0.03732251942304261;0.45775594554161464;0.07467643171548843;-0.0017129871994256973;0.22756576538085938;0.9708935618400574;110;[[0.0, 0.7002075910568237, 0.0, 0.0], [0.0, 0.0, -1.2448135614395142, 0.0], [0.0, 0.0, 0.0, 10.0], [-1.0, 0.0, 0.0, 0.0]];1920;1080;25
225;-1.0827510356903076;-2.5746607780456543;-0.33262816071510315;0.2542549013564262;-0.0493888930260405;0.5209182904452573;0.12877917289733887;0.008973749354481697;0.25839316844940186;0.9573757648468018;110;[[0.0, 0.7002075910568237, 0.0, 0.0], [0.0, 0.0, -1.2448135614395142, 0.0], [0.0, 0.0, 0.0, 10.0], [-1.0, 0.0, 0.0, 0.0]];1920;1080;25
226;-0.9813557267189026;-2.56252384185791;-0.33023956418037415;0.3157140868960859;-0.0642486770783977;0.582827039073612;0.15960992872714996;0.014759790152311325;0.2884240746498108;0.9439906477928162;110;[[0.0, 0.7002075910568237, 0.0, 0.0], [0.0, 0.0, -1.2448135614395142, 0.0], [0.0, 0.0, 0.0, 10.0], [-1.0, 0.0, 0.0, 0.0]];1920;1080;25
227;-0.8651638031005859;-2.5437631607055664;-0.33890295028686523;0.3803932273068447;-0.07860372974265879;0.6736936704481167;0.1910419911146164;0.02602095529437065;0.33131277561187744;0.9236112236976624;110;[[0.0, 0.7002075910568237, 0.0, 0.0], [0.0, 0.0, -1.2448135614395142, 0.0], [0.0, 0.0, 0.0, 10.0], [-1.0, 0.0, 0.0, 0.0]];1920;1080;25
228;-0.7440503239631653;-2.518690347671509;-0.32526442408561707;0.4144954979347318;-0.09352540083220472;0.7770637011748358;0.2075522541999817;0.03552987053990364;0.37922003865242004;0.9010282158851624;110;[[0.0, 0.7002075910568237, 0.0, 0.0], [0.0, 0.0, -1.2448135614395142, 0.0], [0.0, 0.0, 0.0, 10.0], [-1.0, 0.0, 0.0, 0.0]];1920;1080;25
229;-0.6309130787849426;-2.4876861572265625;-0.33382856845855713;0.4503268545540559;-0.11426233239283276;0.8966340596244975;0.2249990701675415;0.04645807296037674;0.4333075284957886;0.8714709281921387;110;[[0.0, 0.7002075910568237, 0.0, 0.0], [0.0, 0.0, -1.2448135614395142, 0.0], [0.0, 0.0, 0.0, 10.0], [-1.0, 0.0, 0.0, 0.0]];1920;1080;25
230;-0.5403990149497986;-2.4582884311676025;-0.321537047624588;0.4266646261142131;-0.12740623273795473;0.9961165637835907;0.21534167230129242;0.046278540045022964;0.4777846336364746;0.850416362285614;110;[[0.0, 0.7002075910568237, 0.0, 0.0], [0.0, 0.0, -1.2448135614395142, 0.0], [0.0, 0.0, 0.0, 10.0], [-1.0, 0.0, 0.0, 0.0]];1920;1080;25
231;-0.43369314074516296;-2.422156572341919;-0.3236015737056732;0.2848643849467473;-0.13622174699260184;1.1231635229768848;0.15574653446674347;0.01839524134993553;0.5340880751609802;0.8307554125785828;110;[[0.0, 0.7002075910568237, 0.0, 0.0], [0.0, 0.0, -1.2448135614395142, 0.0], [0.0, 0.0, 0.0, 10.0], [-1.0, 0.0, 0.0, 0.0]];1920;1080;25
232;-0.3327624201774597;-2.3813257217407227;-0.32586291432380676;0.19001437072211272;-0.1261789858553643;1.2447207714278878;0.11351253092288971;0.004196081310510635;0.5840306282043457;0.8037446737289429;110;[[0.0, 0.7002075910568237, 0.0, 0.0], [0.0, 0.0, -1.2448135614395142, 0.0], [0.0, 0.0, 0.0, 10.0], [-1.0, 0.0, 0.0, 0.0]];1920;1080;25
233;-0.2650923728942871;-2.3488805294036865;-0.3044300079345703;0.14425980931165946;-0.11059628918755211;1.31253574958883;0.09064596891403198;0.0002305731177330017;0.6108031868934631;0.7865765690803528;110;[[0.0, 0.7002075910568237, 0.0, 0.0], [0.0, 0.0, -1.2448135614395142, 0.0], [0.0, 0.0, 0.0, 10.0], [-1.0, 0.0, 0.0, 0.0]];1920;1080;25
234;-0.15021748840808868;-2.2973122596740723;-0.33024969696998596;0.08929583956449326;-0.08846699944876744;1.4242098265094147;0.06261888146400452;-0.004303952679038048;0.6536329388618469;0.754204511642456;110;[[0.0, 0.7002075910568237, 0.0, 0.0], [0.0, 0.0, -1.2448135614395142, 0.0], [0.0, 0.0, 0.0, 10.0], [-1.0, 0.0, 0.0, 0.0]];1920;1080;25
235;-0.07815318554639816;-2.2618613243103027;-0.3317601680755615;0.065122197011265;-0.07351600097937043;1.4790932074097018;0.048789262771606445;-0.005209403112530708;0.6740246415138245;0.7370774745941162;110;[[0.0, 0.7002075910568237, 0.0, 0.0], [0.0, 0.0, -1.2448135614395142, 0.0], [0.0, 0.0, 0.0, 10.0], [-1.0, 0.0, 0.0, 0.0]];1920;1080;25
236;0.03531906381249428;-2.204099178314209;-0.3337186872959137;0.040552989145331134;-0.05345391314835905;1.5505661586028385;0.03317638859152794;-0.004896959289908409;0.6999114751815796;0.713441789150238;110;[[0.0, 0.7002075910568237, 0.0, 0.0], [0.0, 0.0, -1.2448135614395142, 0.0], [0.0, 0.0, 0.0, 10.0], [-1.0, 0.0, 0.0, 0.0]];1920;1080;25
237;0.058869618922472;-2.1886656284332275;-0.31109800934791565;0.03564073652000577;-0.048570638496704455;1.5605464409708114;0.029740601778030396;-0.004723859019577503;0.7034620642662048;0.7100945711135864;110;[[0.0, 0.7002075910568237, 0.0, 0.0], [0.0, 0.0, -1.2448135614395142, 0.0], [0.0, 0.0, 0.0, 10.0], [-1.0, 0.0, 0.0, 0.0]];1920;1080;25
238;0.19609424471855164;-2.11946702003479;-0.33572304248809814;0.02093622236476615;-0.032941217573993806;1.6269262606814965;0.019157851114869118;-0.003708247095346451;0.7266507148742676;0.6867298483848572;110;[[0.0, 0.7002075910568237, 0.0, 0.0], [0.0, 0.0, -1.2448135614395142, 0.0], [0.0, 0.0, 0.0, 10.0], [-1.0, 0.0, 0.0, 0.0]];1920;1080;25
239;0.291326642036438;-2.06834077835083;-0.33655494451522827;0.014242312984436699;-0.024413703051361473;1.6615265719386005;0.0138151366263628;-0.0029726619832217693;0.7384311556816101;0.674180805683136;110;[[0.0, 0.7002075910568237, 0.0, 0.0], [0.0, 0.0, -1.2448135614395142, 0.0], [0.0, 0.0, 0.0, 10.0], [-1.0, 0.0, 0.0, 0.0]];1920;1080;25
240;0.380618155002594;-2.019914388656616;-0.3371812701225281;0.010011449985125953;-0.018311263062001287;1.6883451531098534;0.010168335400521755;-0.0023411675356328487;0.7474114298820496;0.664279580116272;110;[[0.0, 0.7002075910568237, 0.0, 0.0], [0.0, 0.0, -1.2448135614395142, 0.0], [0.0, 0.0, 0.0, 10.0], [-1.0, 0.0, 0.0, 0.0]];1920;1080;25
241;0.4639953076839447;-1.9743905067443848;-0.33764147758483887;0.007262775203140795;-0.013994334427572794;1.7093073212588399;0.007662059739232063;-0.0018541901372373104;0.7543368339538574;0.6564401984214783;110;[[0.0, 0.7002075910568237, 0.0, 0.0], [0.0, 0.0, -1.2448135614395142, 0.0], [0.0, 0.0, 0.0, 10.0], [-1.0, 0.0, 0.0, 0.0]];1920;1080;25
242;0.5593293905258179;-1.922058343887329;-0.33805468678474426;0.005053198039597901;-0.010244130118604745;1.7292697427070478;0.005536668933928013;-0.0014014181215316057;0.7608543634414673;0.6488975286483765;110;[[0.0, 0.7002075910568237, 0.0, 0.0], [0.0, 0.0, -1.2448135614395142, 0.0], [0.0, 0.0, 0.0, 10.0], [-1.0, 0.0, 0.0, 0.0]];1920;1080;25
243;0.648719310760498;-1.8727272748947144;-0.3383578360080719;0.003588638798636988;-0.007593153857423904;1.744763500884611;0.004061391111463308;-0.0010670137125998735;0.7658601999282837;0.6429932713508606;110;[[0.0, 0.7002075910568237, 0.0, 0.0], [0.0, 0.0, -1.2448135614395142, 0.0], [0.0, 0.0, 0.0, 10.0], [-1.0, 0.0, 0.0, 0.0]];1920;1080;25
244;0.7379776835441589;-1.8231960535049438;-0.3386092185974121;0.002561436806624424;-0.005643128325848006;1.7591936149196339;0.002990365494042635;-0.000811869278550148;0.7704805135726929;0.6374558806419373;110;[[0.0, 0.7002075910568237, 0.0, 0.0], [0.0, 0.0, -1.2448135614395142, 0.0], [0.0, 0.0, 0.0, 10.0], [-1.0, 0.0, 0.0, 0.0]];1920;1080;25
245;0.806111752986908;-1.7869256734848022;-0.3499451279640198;0.001946296547484443;-0.004514574680659891;1.7769580105687766;0.0023655679542571306;-0.0006681567174382508;0.7761125564575195;0.6305896043777466;110;[[0.0, 0.7002075910568237, 0.0, 0.0], [0.0, 0.0, -1.2448135614395142, 0.0], [0.0, 0.0, 0.0, 10.0], [-1.0, 0.0, 0.0, 0.0]];1920;1080;25
246;0.8907524943351746;-1.7381142377853394;-0.3497684895992279;0.04819969761134668;-0.006200314568448885;1.8092255890696847;0.017328541725873947;0.01702973060309887;0.7860000133514404;0.6177488565444946;110;[[0.0, 0.7002075910568237, 0.0, 0.0], [0.0, 0.0, -1.2448135614395142, 0.0], [0.0, 0.0, 0.0, 10.0], [-1.0, 0.0, 0.0, 0.0]];1920;1080;25
247;0.971972644329071;-1.6870520114898682;-0.3367510139942169;0.1611481246260929;-0.020596868942712336;1.8504506087961856;0.05662186071276665;0.058110129088163376;0.7966213822364807;0.5990087985992432;110;[[0.0, 0.7002075910568237, 0.0, 0.0], [0.0, 0.0, -1.2448135614395142, 0.0], [0.0, 0.0, 0.0, 10.0], [-1.0, 0.0, 0.0, 0.0]];1920;1080;25
248;1.0494062900543213;-1.641050934791565;-0.344784677028656;0.2741581773826685;-0.038862934336169434;1.9049966201350352;0.09487873315811157;0.10017352551221848;0.808608889579773;0.5719396471977234;110;[[0.0, 0.7002075910568237, 0.0, 0.0], [0.0, 0.0, -1.2448135614395142, 0.0], [0.0, 0.0, 0.0, 10.0], [-1.0, 0.0, 0.0, 0.0]];1920;1080;25
249;1.1241252422332764;-1.5936837196350098;-0.3414205014705658;0.3518890884017342;-0.06037748670919104;1.9698460183091924;0.12150133401155472;0.1293485462665558;0.8229133486747742;0.5397406220436096;110;[[0.0, 0.7002075910568237, 0.0, 0.0], [0.0, 0.0, -1.2448135614395142, 0.0], [0.0, 0.0, 0.0, 10.0], [-1.0, 0.0, 0.0, 0.0]];1920;1080;25
