id;pos_x[m];pos_y[m];pos_z[m];or_x[rad];or_y[rad];or_z[rad];or_q_x;or_q_y;or_q_z;or_q_w
0;0.0;0.0;-0.07999999076128006;0.0;0.0;1.5707956182169394;-0.0;0.0;0.7071065306663513;0.7071070671081543
1;-0.023127049207687378;-0.3408070206642151;-1.0268760919570923;-0.015068697770813799;-0.004729747421893856;-0.3659086909327963;-0.007838754914700985;-0.0009545889915898442;-0.1819472461938858;0.9832766056060791
2;-0.025307847186923027;-0.3721432089805603;-1.0262809991836548;-0.012039085294518703;-0.0037630789838946207;-0.37146063580714933;-0.006263417191803455;-0.0007375592831522226;-0.1846718043088913;0.9827799797058105
3;-0.027482619509100914;-0.4035932421684265;-1.0262703895568848;-0.009118128137068271;-0.0029433962222613044;-0.37619959922518315;-0.004753821529448032;-0.0005932166241109371;-0.18699699640274048;0.9823487997055054
4;-0.030183199793100357;-0.4426184892654419;-1.0252853631973267;-0.006504502494384204;-0.002138494990701658;-0.38109006233171017;-0.003395889885723591;-0.00043393386295065284;-0.18939639627933502;0.9818947315216064
5;-0.03339974582195282;-0.48912057280540466;-1.025524616241455;-0.004565721385785929;-0.001503586421836265;-0.38578622925504735;-0.0023846374824643135;-0.00030022626742720604;-0.1917002946138382;0.9814504981040955
6;-0.03611148148775101;-0.5283942222595215;-1.026206612586975;-0.0033630389110926753;-0.0011222359968382609;-0.38898039989051114;-0.0017582607688382268;-0.00022555707255378366;-0.19326700270175934;0.9811445474624634
7;-0.03883400186896324;-0.5678600072860718;-1.0247814655303955;-0.0023867249921449923;-0.0008026360406321383;-0.3916106606482483;-0.0012486375635489821;-0.00016147264977917075;-0.19455686211585999;0.9808903932571411
8;-0.04036108776926994;-0.5900024175643921;-1.0258636474609375;-0.0020447746500139087;-0.0006865263261221322;-0.392879778821334;-0.0010697218822315335;-0.00013711280189454556;-0.19517916440963745;0.980767011642456
9;-0.04376283660531044;-0.6393802762031555;-1.025659203529358;-0.0013677992268134778;-0.00046122067701032945;-0.39525059089152975;-0.000715866219252348;-9.184378723148257e-05;-0.19634151458740234;0.9805352687835693
10;-0.04648837819695473;-0.678982138633728;-1.0236918926239014;-0.0009704558927237303;-0.00032758712746247813;-0.3967729240145841;-0.0005079922848381102;-6.494842091342434e-05;-0.19708774983882904;0.9803857207298279
11;-0.048010535538196564;-0.7011044025421143;-1.0272064208984375;-0.0008458198825007786;-0.00028550624090030555;-0.3975078533128842;-0.0004427705716807395;-5.644008342642337e-05;-0.1974479854106903;0.980313241481781
12;-0.05141862854361534;-0.7506929636001587;-1.0229941606521606;-0.0005459480777602126;-0.00018382069290532064;-0.39887989990053496;-0.00028577237389981747;-3.6006738810101524e-05;-0.19812043011188507;0.980177640914917
13;-0.05396655574440956;-0.7877947688102722;-1.0226224660873413;-0.00040160472285880814;-0.00013577938393379913;-0.3997108917933625;-0.0002102834259858355;-2.6673544198274612e-05;-0.19852766394615173;0.9800952672958374
14;-0.055664293467998505;-0.8125311732292175;-1.0223326683044434;-0.0003312971814072765;-0.00011181831477973516;-0.4001870686125715;-0.0001734561228659004;-2.1869178453925997e-05;-0.1987610012292862;0.9800480008125305
15;-0.058887600898742676;-0.8595296144485474;-1.0218887329101562;-0.0002269012940379793;-7.617472354073944e-05;-0.40094601114166023;-0.0001187629604828544;-1.4732811905560084e-05;-0.19913288950920105;0.9799724817276001
16;-0.06176441162824631;-0.9015111923217773;-1.0243861675262451;-0.00016351809918807017;-5.483626911680335e-05;-0.4014914407461559;-8.55843536555767e-05;-1.0564763215370476e-05;-0.1994001269340515;0.9799181818962097
17;-0.06447827816009521;-0.9411528706550598;-1.0212458372116089;-0.0001161138041269354;-3.8862224829319396e-05;-0.4019116835285117;-6.0767146351281554e-05;-7.451577403116971e-06;-0.1996060311794281;0.9798762202262878
18;-0.06667344272136688;-0.973236083984375;-1.0240551233291626;-9.214538478437532e-05;-3.087520633690704e-05;-0.40219773818358256;-4.822782284463756e-05;-5.9236554079689085e-06;-0.19974617660045624;0.9798476696014404
19;-0.06871137768030167;-1.0030475854873657;-1.0173386335372925;-6.870954693201333e-05;-2.2888182315736498e-05;-0.4024246138863591;-3.594885129132308e-05;-4.347153662820347e-06;-0.19985732436180115;0.9798250198364258
20;-0.07157426327466965;-1.0449447631835938;-1.0237065553665161;-5.113269406293496e-05;-1.7046925923364578e-05;-0.4026946478726662;-2.6754460122901946e-05;-3.238268163840985e-06;-0.19998961687088013;0.9797980189323425
21;-0.07426993548870087;-1.08443021774292;-1.0272064208984375;-3.781689351603226e-05;-1.2755394279511769e-05;-0.4029029246052623;-1.98021880351007e-05;-2.4652999854879454e-06;-0.2000916451215744;0.9797772169113159
22;-0.07697192579507828;-1.1240450143814087;-1.02342689037323;-2.7164240026955335e-05;-9.05990448617018e-06;-0.4030739447386677;-1.4214004295354243e-05;-1.7194595329783624e-06;-0.2001754343509674;0.9797600507736206
23;-0.07967111468315125;-1.163651466369629;-1.0193488597869873;-1.9174759443492966e-05;-6.914138012168337e-06;-0.40321505460344237;-1.0085455869557336e-05;-1.4672286852146499e-06;-0.20024456083774567;0.9797459244728088
24;-0.08236302435398102;-1.2031803131103516;-1.0190659761428833;-1.3848435800964259e-05;-4.76837102990142e-06;-0.4033311637799528;-7.261449809448095e-06;-9.489375543125789e-07;-0.20030143857002258;0.9797343015670776
25;-0.08454810082912445;-1.2352912425994873;-1.018763542175293;-1.0652642188607182e-05;-3.814697103841743e-06;-0.4034105346639244;-5.600456006504828e-06;-8.016028232304961e-07;-0.20034031569957733;0.9797263741493225
26;-0.0867403894662857;-1.2675330638885498;-1.0098155736923218;-7.989483269478086e-06;-2.741813344435272e-06;-0.4034781487719808;-4.188420007267268e-06;-5.426639972938574e-07;-0.20037344098091125;0.9797195792198181
27;-0.0899188295006752;-1.314306616783142;-1.018171787261963;-5.858954179644563e-06;-2.1457669006841456e-06;-0.4035596105352569;-3.0850624170852825e-06;-4.6400987230299506e-07;-0.20041334629058838;0.9797114133834839
28;-0.09192989766597748;-1.3439277410507202;-1.0178385972976685;-4.793690535085462e-06;-1.6689299058847373e-06;-0.40360170642850873;-2.5154618015221786e-06;-3.37122116889077e-07;-0.20043396949768066;0.9797071814537048
29;-0.0946088507771492;-1.383414387702942;-1.0175548791885376;-3.195793308208081e-06;-1.0728834931252928e-06;-0.4035798712726787;-1.6729898106859764e-06;-2.0530134747787088e-07;-0.20042327046394348;0.9797093868255615
30;-0.09728500247001648;-1.422891616821289;-1.0172545909881592;-2.6631609858620657e-06;-5.960463765287367e-07;-0.3948298679052696;-1.3641698615174391e-06;-3.106492840743158e-08;-0.19613513350486755;0.9805768728256226
31;-0.09995371848344803;-1.46229088306427;-1.0220882892608643;-1.5978964924479648e-06;-5.960464113918826e-07;-0.36850468899642486;-8.400261322094593e-07;-1.4660214731065935e-07;-0.1832115799188614;0.9830735325813293
32;-0.10196135193109512;-1.4919542074203491;-1.0166707038879395;-1.5978966373425358e-06;-5.960463534441852e-07;-0.3371322413143377;-8.37623360894213e-07;-1.597603613845422e-07;-0.16776897013187408;0.985826313495636
33;-0.10462530702352524;-1.5313361883163452;-1.0218117237091064;-1.065264142321644e-06;9.21416585473447e-15;-0.27996295354639394;-5.274221734907769e-07;7.431537341062722e-08;-0.13952477276325226;0.9902185797691345
34;-0.10679610818624496;-1.5634510517120361;-1.0161484479904175;-1.0652641355359421e-06;7.991402221088845e-15;-0.2214730430601197;-5.293696858643671e-07;5.886135667765302e-08;-0.11051034182310104;0.9938749670982361
35;-0.10946038365364075;-1.6028828620910645;-1.0158754587173462;-5.326321577804227e-07;1.7941530016220633e-15;-0.13679661710861693;-2.65693358869612e-07;1.820136930064109e-08;-0.06834498792886734;0.9976617693901062
36;-0.11211858689785004;-1.642235279083252;-1.0214308500289917;-5.326321340735064e-07;8.119798651607204e-16;-0.04044223119856399;-2.662616225279635e-07;5.3848414616197715e-09;-0.02021973766386509;0.9997955560684204
37;-0.1141197681427002;-1.6718626022338867;-1.01540207862854;-5.326321342674772e-07;1.1920928232462932e-07;0.03823179816864987;-2.6740673320091446e-07;5.4503189517163264e-08;0.01911473460495472;0.9998173117637634
38;-0.1167823001742363;-1.7112646102905273;-1.0151448249816895;3.737057933737143e-09;1.1920928293959314e-07;0.1502814089093512;-2.6112649820220213e-09;5.957672399858893e-08;0.07507001608610153;0.9971782565116882
39;-0.11961239576339722;-1.7531177997589111;-1.0148934125900269;5.213673341019328e-09;1.1920928414015436e-07;0.27680363071614944;-5.6411701976344375e-09;5.9394327678319314e-08;0.13796038925647736;0.9904377460479736
40;-0.12227755039930344;-1.7924989461898804;-1.014665126800537;3.61895250230876e-16;1.19209283336054e-07;0.39109403415476596;-1.1581369641078254e-08;5.8468668129307844e-08;0.19430315494537354;0.9809415340423584
41;-0.12427742779254913;-1.8220287561416626;-1.0144416093826294;1.0538394839161e-10;1.1920928255354712e-07;0.4652857926903028;-1.3690578448688484e-08;5.80110679493373e-08;0.23055002093315125;0.9730604887008667
42;-0.12694507837295532;-1.8613946437835693;-1.0141898393630981;2.2511042752531576e-10;1.1920927759493096e-07;0.5491755339726941;-1.6053469664711884e-08;5.7402193220923436e-08;0.2711501717567444;0.9625370502471924
43;-0.12961366772651672;-1.9007521867752075;-1.0139930248260498;6.641106336014948e-10;1.192092724405576e-07;0.6182498791140144;-1.7816915942603373e-08;5.688040616291801e-08;0.3042251765727997;0.9526001214981079
44;-0.13244961202144623;-1.9425615072250366;-1.0137686729431152;1.4529510356194538e-10;1.1920927588334387e-07;0.6783262593413821;-1.976183661156483e-08;5.6233336209743356e-08;0.3326980173587799;0.9430333971977234
45;-0.135114386677742;-1.9818346500396729;-1.0203742980957031;7.265222302410471e-11;1.1920927524882249e-07;0.7245951707197554;-2.1091324242661358e-08;5.5748277105749366e-08;0.3544236123561859;0.9350849390029907
46;-0.13728751242160797;-2.0138630867004395;-1.0133215188980103;1.45296391773062e-10;1.19209290089574e-07;0.7560996657494932;-2.193307402365008e-08;5.542255010482222e-08;0.3691087067127228;0.9293862581253052
47;-0.13978934288024902;-2.050733804702759;-1.0130993127822876;1.4528810718711513e-10;1.19209284865484e-07;0.7867781487951432;-2.2780604069794208e-08;5.507960310069393e-08;0.38332080841064453;0.9236152768135071
48;-0.14245279133319855;-2.089986562728882;-1.0200484991073608;7.264633387993961e-11;-2.034037126267895e-19;0.8138913993555397;3.335679996108176e-11;1.43769388755155e-11;0.39580631256103516;0.9183340072631836
49;-0.14512436091899872;-2.1293694972991943;-1.0127151012420654;0.0;0.0;0.8362158819193;-0.0;0.0;0.40603211522102356;0.9138587713241577
50;-0.1477903574705124;-2.1686761379241943;-1.0125099420547485;3.0492643279250066e-10;1.8225874278228022e-18;0.854600040418485;1.3875493809489825e-10;6.318305600938601e-11;0.4144150912761688;0.9100880026817322
51;-0.1499556005001068;-2.2006075382232666;-1.0123239755630493;0.0;0.0;0.8671187096648949;-0.0;0.0;0.4201034903526306;0.9074761867523193
52;-0.15245288610458374;-2.237445116043091;-1.0121557712554932;0.0;0.0;0.8793083894133982;-0.0;0.0;0.42562657594680786;0.9048988819122314
53;-0.15511538088321686;-2.276731252670288;-1.0119671821594238;0.0;0.0;0.8900814447561993;-0.0;0.0;0.43049463629722595;0.9025931358337402
54;-0.15336105227470398;-2.3126449584960938;-1.0191752910614014;-8.148684014002826e-05;-0.09068273321535553;0.8994712622709673;0.0196677315980196;-0.04083641991019249;0.43427902460098267;0.8996372818946838
55;-0.15029576420783997;-2.3379201889038086;-1.0181046724319458;-0.00075154483019889;-0.1818043945353793;0.9055473252066225;0.039374940097332;-0.08179380744695663;0.43562451004981995;0.8955393433570862
56;-0.14477401971817017;-2.366755247116089;-1.0081634521484375;-0.0017832630354438438;-0.28496343633717636;0.912042916110261;0.06174153834581375;-0.12787799537181854;0.43580326437950134;0.8887691497802734
57;-0.1374213546514511;-2.397620439529419;-1.0067214965820312;-0.0029225465408552545;-0.3328406678017906;0.9181574418264975;0.07211268693208694;-0.14914007484912872;0.4367827773094177;0.8841820359230042
58;-0.133796826004982;-2.422210931777954;-1.0085200071334839;-0.003245866301190857;-0.24103519223826875;0.9215284024440792;0.05201323702931404;-0.10840427875518799;0.44123226404190063;0.8893015384674072
59;-0.12424679845571518;-2.441396713256836;-1.009257435798645;-0.00309033012412864;-0.18426248257317118;0.9247034336450841;0.03966029733419418;-0.08302761614322662;0.4440346360206604;0.8912724852561951
60;-0.10881703346967697;-2.457542896270752;-1.0097421407699585;-0.0027063034577200066;-0.1324230538714975;0.9277424752077975;0.028394758701324463;-0.059775546193122864;0.4463527500629425;0.8924068212509155
61;-0.09210225939750671;-2.467548131942749;-1.009900689125061;-0.002299910760301715;-0.09949039885488571;0.9299869048601513;0.021270789206027985;-0.044960133731365204;0.4478108286857605;0.8927438855171204
62;-0.07132269442081451;-2.476763963699341;-1.0184720754623413;-0.0018812570870092467;-0.07345949511204884;0.9321542910962605;0.015662359073758125;-0.0332271084189415;0.449051171541214;0.89275062084198
63;-0.049528349190950394;-2.4803268909454346;-1.0099356174468994;-0.0014913717389707475;-0.05414842469500115;0.9337427357224388;0.011518829502165318;-0.02450929954648018;0.44991159439086914;0.8926623463630676
64;-0.02910274639725685;-2.483332395553589;-1.009860634803772;-0.0012101439858477519;-0.041613937992421544;0.9350059664442493;0.008836133405566216;-0.018845584243535995;0.45054975152015686;0.8925086259841919
65;-0.0031499031465500593;-2.4859869480133057;-1.0097777843475342;-0.000926780216274135;-0.03019117970130383;0.9363166527716217;0.006398046389222145;-0.013679882511496544;0.45118585228919983;0.8923021554946899
66;0.024963971227407455;-2.4881129264831543;-1.0097012519836426;-0.0006812360552996727;-0.021193382161258316;0.9374596409860505;0.004483139142394066;-0.009607451036572456;0.4517248570919037;0.8920943140983582
67;0.0467703752219677;-2.48934268951416;-1.0096173286437988;-0.0005422190080502954;-0.01640975214442274;0.938188101699044;0.0034673900809139013;-0.007441047113388777;0.45206117630004883;0.8919491171836853
68;0.07384549081325531;-2.4905495643615723;-1.0095129013061523;-0.00040373537606618694;-0.011835098030688475;0.9389416986755423;0.0024971449747681618;-0.00536861177533865;0.4524054527282715;0.8917927145957947
69;0.10112226009368896;-2.491492748260498;-1.0094107389450073;-0.0002977413096093234;-0.008527515922877494;0.93956266282197;0.0017974185757339;-0.003869233885779977;0.4526866376399994;0.8916594386100769
70;0.1221829280257225;-2.4935994148254395;-1.0182626247406006;-0.0002386192879696882;-0.006716369100144634;0.93998591770506;0.0014144794549793005;-0.0030480886343866587;0.45287710428237915;0.8915665745735168
71;0.15090411901474;-2.492753028869629;-1.0092337131500244;-0.00017257291782675832;-0.004755973443673486;0.940422566436604;0.001000482589006424;-0.0021590020041912794;0.4530731737613678;0.891470193862915
72;0.17331470549106598;-2.4931907653808594;-1.0091400146484375;-0.00013422337666029276;-0.0036517381475510324;0.9407204185898925;0.0007676733075641096;-0.001658003544434905;0.45320653915405273;0.8914036750793457
73;0.20043237507343292;-2.4932825565338135;-1.009047269821167;0.007861537226320558;-0.0026482340586227397;0.9410292075829054;0.004103897139430046;0.0006017658160999417;0.45334577560424805;0.891325056552887
74;0.22045612335205078;-2.4874165058135986;-1.008323073387146;0.12552276026689732;-0.00893759732384622;0.9406112609331255;0.057931169867515564;0.0244461577385664;0.45251190662384033;0.8895387649536133
75;0.23911772668361664;-2.4798686504364014;-1.00653076171875;0.23967184506936756;-0.01992939526533353;0.9390862978588863;0.11108221113681793;0.0452684685587883;0.45027390122413635;0.8847965002059937
76;0.255151629447937;-2.4726598262786865;-1.0136524438858032;0.3277935460001649;-0.028101193658906922;0.9370988179024745;0.15182441473007202;0.06130848824977875;0.44754213094711304;0.8791453838348389
77;0.2668934464454651;-2.464038372039795;-1.0122742652893066;0.3738226315966199;-0.02866290515147077;0.9372638624722707;0.17213360965251923;0.07135898619890213;0.44612976908683777;0.8753548860549927
78;0.2874131202697754;-2.4556291103363037;-1.0056380033493042;0.2544423768243036;-0.0199794700562535;0.9405952910364762;0.117588110268116;0.04865917190909386;0.4505968391895294;0.8836106061935425
79;0.2975953221321106;-2.447981119155884;-1.015903115272522;0.20776187073822885;-0.015890000799631734;0.9418642640675177;0.09598904103040695;0.040004435926675797;0.45199117064476013;0.8859400749206543
80;0.3078160285949707;-2.4308242797851562;-1.0070405006408691;0.15031143357609614;-0.01146006297197147;0.9429937385236384;0.06948665529489517;0.029014185070991516;0.45331400632858276;0.8881644606590271
81;0.3137871026992798;-2.416957378387451;-1.0073474645614624;0.11350913103610287;-0.00880599289299163;0.9435754012975727;0.05252475664019585;0.021864011883735657;0.4539657235145569;0.8892009258270264
82;0.3189527690410614;-2.400614023208618;-1.0172182321548462;0.08398292524317492;-0.006539107178707768;0.9440416235265011;0.03887386992573738;0.01617780141532421;0.4544060528278351;0.8897989988327026
83;0.3214556574821472;-2.3838260173797607;-1.0173054933547974;0.06528323950838132;-0.005046128652191866;0.9443268704405524;0.030211839824914932;0.012597374618053436;0.4546436667442322;0.8900718092918396
84;0.3228198289871216;-2.3617029190063477;-1.0173615217208862;0.047399475231953245;-0.0036592488832269676;0.9445863793748654;0.021935369819402695;0.009151811711490154;0.45483970642089844;0.8902561664581299
85;0.3225611746311188;-2.338205099105835;-1.0173842906951904;0.03428572381808162;-0.0026482328487607413;0.9447783166604752;0.0158670824021101;0.006620940752327442;0.45496803522109985;0.8903418183326721
86;0.320965975522995;-2.315385103225708;-1.0075887441635132;0.025979941864123855;-0.0020036699916766336;0.9449054252610705;0.012022518552839756;0.005019184201955795;0.45504462718963623;0.8903734087944031
87;0.3186529278755188;-2.290152072906494;-1.0075654983520508;0.01893055350675303;-0.0014507772238756907;0.9450244310169146;0.008758144453167915;0.0036619387101382017;0.4551102817058563;0.8903844356536865
88;0.3157022297382355;-2.26438045501709;-1.007541298866272;0.013631308406186069;-0.0010443919534501235;0.9451195422259799;0.006306333001703024;0.002637280849739909;0.4551595449447632;0.8903836607933044
89;0.3130514323711395;-2.243229866027832;-1.0075128078460693;0.010559568356899193;-0.0008074042488016835;0.9451831019824016;0.004884813912212849;0.002043873304501176;0.4551908075809479;0.8903782367706299
90;0.30959832668304443;-2.217039108276367;-1.0074832439422607;0.007692325842858612;-0.0005843639581523029;0.9452470181439253;0.0035575339570641518;0.0014907103031873703;0.45522138476371765;0.8903698921203613
91;0.30650264024734497;-2.1937081813812256;-1.0173320770263672;0.005677728664490195;-0.0004303454846639125;0.9452969345837509;0.0026255801785737276;0.0011007982539013028;0.45524469017982483;0.8903617858886719
92;0.30301395058631897;-2.1689469814300537;-1.0173202753067017;0.00420451581245354;-0.0003173352763146548;0.9453378106627435;0.001943992916494608;0.0008158115670084953;0.4552634656429291;0.8903542757034302
93;0.29940032958984375;-2.144436836242676;-1.007412075996399;0.003196652139784622;-0.00024020681425337642;0.945368883160333;0.001477748272009194;0.0006207484984770417;0.45527759194374084;0.8903481364250183
94;0.29606500267982483;-2.1209099292755127;-1.017297387123108;0.0023598292313911657;-0.00017690648513060716;0.9453976749948335;0.0010908001568168402;0.00045845058048143983;0.45529061555862427;0.8903420567512512
95;0.29215502738952637;-2.094346523284912;-1.0172871351242065;0.001708609872033512;-0.00012791157694909815;0.9454230515701385;0.0007897383766248822;0.00033202458871528506;0.45530200004577637;0.8903366923332214
96;0.2884179949760437;-2.069739580154419;-1.0073477029800415;0.0013001911815212215;-9.644031286411903e-05;0.9454403757985967;0.000600756669882685;0.00025306292809545994;0.45530977845191956;0.890332818031311
97;0.2900751829147339;-2.0390820503234863;-1.0168088674545288;0.0009659322011905971;-0.10655091645927293;0.9453376817595947;0.024672333151102066;-0.04719214141368866;0.45464104413986206;0.8890813589096069
98;0.29197317361831665;-2.000568151473999;-1.0053842067718506;0.0006988692295024765;-0.21520456625186485;0.9452540717664769;0.049198318272829056;-0.09546350687742233;0.4526274800300598;0.8852087259292603
99;0.29528293013572693;-1.969847559928894;-1.0036230087280273;0.0005496247013993136;-0.2944229646565996;0.9452042029149397;0.06701162457466125;-0.13047850131988525;0.45031705498695374;0.8807379603385925
100;0.3011869788169861;-1.9274739027023315;-1.0016597509384155;0.00039979547917264334;-0.3607433071204908;0.9451713908755043;0.08183401823043823;-0.15964294970035553;0.4478375017642975;0.8759331703186035
101;0.30295002460479736;-1.896855115890503;-1.003661036491394;0.0002904018868524398;-0.27169238336777796;0.945205025018039;0.06177594140172005;-0.12051846086978912;0.4510287940502167;0.8821746706962585
102;0.30903324484825134;-1.8599660396575928;-1.0151333808898926;0.00021140147605971514;-0.20654354326207566;0.9452247137396539;0.04702083393931389;-0.09174012392759323;0.4527982473373413;0.8856334090232849
103;0.3166472613811493;-1.821235179901123;-1.015851378440857;0.0001579095859807572;-0.15370547143277535;0.9452372763605599;0.03502052277326584;-0.06832490861415863;0.4538811445236206;0.8877483606338501
104;0.32823050022125244;-1.7692347764968872;-1.0058587789535522;0.00011132496676118583;-0.10880398343043357;0.9452466649609609;0.024802343919873238;-0.04838909953832626;0.4545528292655945;0.889058530330658
105;0.34210285544395447;-1.7157948017120361;-1.0060676336288452;7.82437513082641e-05;-0.07700586560929007;0.9452529925262495;0.017558028921484947;-0.03425581008195877;0.4548903703689575;0.8897151350975037
106;0.3537343442440033;-1.673512578010559;-1.0061510801315308;6.0611230899876645e-05;-0.05943857867957088;0.94525546318053;0.01355401985347271;-0.026443632319569588;0.455027312040329;0.8899815082550049
107;0.36819010972976685;-1.6250230073928833;-1.0166707038879395;4.475516882127249e-05;-0.043792356972203295;0.9452581750085438;0.009986894205212593;-0.019484058022499084;0.4551200568675995;0.8901607990264893
108;0.38469621539115906;-1.5662121772766113;-1.0062525272369385;3.1571326651675814e-05;-0.03090321418222219;0.9452605472451345;0.0070478059351444244;-0.013749976642429829;0.4551756680011749;0.890267550945282
109;0.3972083330154419;-1.5264568328857422;-1.016728162765503;2.4992274595840675e-05;-0.024360890710720846;0.9452617774991429;0.005555897019803524;-0.010839192196726799;0.45519670844078064;0.8903075456619263
110;0.41459259390830994;-1.466436743736267;-1.0062960386276245;1.782403239681847e-05;-0.017277475608156137;0.9452635369862413;0.003940508235245943;-0.007687549106776714;0.4552142024040222;0.8903400301933289
111;0.4325639009475708;-1.4073351621627808;-1.0063118934631348;1.2545787663431316e-05;-0.012153625544009979;0.945264438608437;0.002771924715489149;-0.005407741758972406;0.4552231431007385;0.8903566598892212
112;0.44539642333984375;-1.365416407585144;-1.0063250064849854;9.950911667150757e-06;-0.009601713119093622;0.9452651327700976;0.00218992424197495;-0.004272271413356066;0.4552266001701355;0.8903626799583435
113;0.4626426696777344;-1.3093383312225342;-1.0063382387161255;7.215409335553223e-06;-0.006922483589696414;0.9452656199005091;0.001578876981511712;-0.00308014708571136;0.4552293121814728;0.8903675675392151
114;0.48006361722946167;-1.253022313117981;-1.0063526630401611;5.2055892013018934e-06;-0.004992365290121749;0.9452662207682924;0.001138659194111824;-0.002221345668658614;0.4552308917045593;0.8903699517250061
115;0.4943193793296814;-1.207128643989563;-1.0063656568527222;4.048174765663228e-06;-0.0038578511752593125;0.9452666829861515;0.0008799112401902676;-0.0017165399622172117;0.4552316665649414;0.8903709650039673
116;0.5122475028038025;-1.151841640472412;-1.0167917013168335;2.926902013791478e-06;-0.0027761457545770222;0.9452668465580387;0.0006331987679004669;-0.001235235366038978;0.4552321434020996;0.8903717398643494
117;0.5274314284324646;-1.1009329557418823;-1.0063903331756592;-5.326692303063705e-07;-0.0020872351552972163;0.9464719814199715;0.00047541139065288007;-0.000929043220821768;0.45576876401901245;0.8900976181030273
118;0.5462646484375;-1.040665626525879;-1.0064035654067993;-2.2370621298562336e-05;-0.001443982017339722;0.958773290379163;0.0003230830770917237;-0.0006457657436840236;0.4612349271774292;0.8872777223587036
119;0.5598735809326172;-0.9994146227836609;-1.0168111324310303;-4.420853186025154e-05;-0.0011197326931713615;0.9778545759395781;0.00024344309349544346;-0.0005046527367085218;0.469679057598114;0.8828369975090027
120;0.5784380435943604;-0.937806248664856;-1.0064289569854736;-6.498114905026643e-05;-0.0007770061193496398;1.0135266056408545;0.0001601527474122122;-0.0003554452850949019;0.4853498339653015;0.8743199706077576
121;0.5961988568305969;-0.8810498118400574;-1.006440281867981;-8.042742098054664e-05;-0.000545978477581304;1.0621585732738084;0.00010358459257986397;-0.0002557547704782337;0.5064642429351807;0.8622608780860901
122;0.6139617562294006;-0.8242969512939453;-1.00645112991333;-8.628644348009059e-05;-0.0003833770744297581;1.1227669366385526;6.55253097647801e-05;-0.00018523569451645017;0.5323578119277954;0.8465194702148438
123;0.6317240595817566;-0.7675533294677734;-1.006462574005127;-8.575379200959417e-05;-0.0002673864402224363;1.1943614577469464;3.97215444536414e-05;-0.00013466441305354238;0.5623133778572083;0.826924204826355
124;0.6450443267822266;-0.7250052690505981;-1.006474256515503;-8.149271291661657e-05;-0.0002034902432955951;1.25475676727017;2.673987182788551e-05;-0.00010628882591845468;0.5870243906974792;0.809569239616394
125;0.6628031730651855;-0.6682872772216797;-1.0064855813980103;-7.350324227844252e-05;-0.00014007090237935863;1.3415785511366158;1.4745653970749117e-05;-7.770593219902366e-05;0.6216044425964355;0.7833312749862671
126;0.6786420941352844;-0.6199758052825928;-1.0168513059616089;-6.391587599014217e-05;-0.00010013580288936903;1.4130177442608238;8.194932888727635e-06;-5.882981713511981e-05;0.6491822600364685;0.7606329321861267
127;0.6952877044677734;-0.5668348073959351;-1.016856074333191;-5.219794745488402e-05;-7.033346837548856e-05;1.4725609607650496;4.277151674614288e-06;-4.358396108727902e-05;0.6715365052223206;0.7409714460372925
128;0.7127397656440735;-0.5088707208633423;-1.0065149068832397;-4.101268026455568e-05;-4.899501035997139e-05;1.522186716685009;2.0479819795582443e-06;-3.188171103829518e-05;0.6897135376930237;0.724082350730896
129;0.7293828129768372;-0.4557667076587677;-1.0065232515335083;-3.142529330263929e-05;-3.468990130796229e-05;1.5635473437884415;1.0694830052671023e-06;-2.3379281628876925e-05;0.7045392394065857;0.7096650004386902
130;0.7452171444892883;-0.40751683712005615;-1.0168687105178833;-2.5033714384608736e-05;-2.503394964395479e-05;1.5980194389308882;2.410215529380366e-07;-1.7699951058602892e-05;0.7166658043861389;0.6974167823791504
131;0.7607483267784119;-0.35798370838165283;-1.0168730020523071;-1.917476365312092e-05;-1.8119811872408458e-05;1.6249937515930855;-1.5575551515212283e-08;-1.3190888239478227e-05;0.7260065078735352;0.687687873840332
132;0.7762786746025085;-0.3084656000137329;-1.0168770551681519;-1.4913701924334577e-05;-1.3828276927851634e-05;1.6477493530773577;7.42329575587064e-09;-1.016906480799662e-05;0.7337837219238281;0.6793831586837769
133;0.7951353192329407;-0.24835604429244995;-1.016880750656128;-1.1185273088609234e-05;-9.655951152782414e-06;1.6706534383316014;-1.7227785065188073e-07;-7.3862884164555e-06;0.7415157556533813;0.6709353923797607
134;0.8117719292640686;-0.1953364461660385;-1.0168838500976562;-8.522112831988203e-06;-6.914137284486479e-06;1.6872873741323715;-2.498434241715586e-07;-5.481378138938453e-06;0.7470701932907104;0.6647450923919678
135;0.8281062841415405;-0.14104002714157104;-1.0065685510635376;-6.391586569761266e-06;-4.768371097749057e-06;1.7003033593265038;-3.173749973939266e-07;-3.9745073081576265e-06;0.7513805031776428;0.6598691940307617
136;0.8447400331497192;-0.08805494755506516;-1.0065749883651733;-4.79368974148464e-06;-3.814697009454951e-06;1.7119986369319375;-1.305661498918198e-07;-3.0603587219957262e-06;0.7552263140678406;0.6554641723632812
137;0.8618799448013306;-0.028971241787075996;-0.985957145690918;-3.728425474561543e-06;-2.7418133684515833e-06;1.724571108269252;-1.7207707969646435e-07;-2.3076099751051515e-06;0.7593317627906799;0.6507036685943604
138;0.8760863542556763;0.009513967670500278;-1.0168970823287964;-2.6631605908578387e-06;-2.145766833026874e-06;1.74983596995827;-3.0194257760740584e-08;-1.7097582940550637e-06;0.7674909234046936;0.6410597562789917
139;0.8918145298957825;0.06632573157548904;-0.9859793782234192;-2.1305281831844592e-06;-1.0728833601374609e-06;1.779718115010479;-2.5380057877555373e-07;-1.1653937690425664e-06;0.7769830226898193;0.6295214891433716
140;0.9101505279541016;0.12019270658493042;-1.006600260734558;-1.5978965608107746e-06;-5.960464436461841e-07;1.8387359991428471;-2.4742701043578563e-07;-8.160367883647268e-07;0.7952185869216919;0.6063228845596313
141;0.9278835654258728;0.17662453651428223;-1.006606936454773;-1.0652643190800868e-06;-5.960463751579121e-07;1.9037073226479146;-6.628187065871316e-08;-6.06730225172214e-07;0.8144923448562622;0.5801742672920227
142;0.9436966776847839;0.22470076382160187;-1.0169093608856201;-1.0652642924728174e-06;2.5353596853254848e-14;1.974295060426516;-2.935188661012944e-07;-4.4445886260291445e-07;0.8344574570655823;0.551072359085083
143;0.9614217877388;0.28110331296920776;-1.0169116258621216;-5.326321548796911e-07;2.3237298587067134e-15;2.0589829180508765;-1.372206241967433e-07;-2.2824275447419495e-07;0.8570370674133301;0.5152547359466553
144;0.975520133972168;0.3282053768634796;-1.0066219568252563;-5.326321809309941e-07;4.20652147012715e-15;2.1282925496261216;-1.292301163857701e-07;-2.3286011696654896e-07;0.8743749856948853;0.48525089025497437
145;0.9946396350860596;0.38681527972221375;-1.0169163942337036;-5.326321803240992e-07;-4.7163599184419334e-15;2.2376463374979783;-1.1631126284328275e-07;-2.3957451844580646e-07;0.899587094783783;0.4367414116859436
146;1.0070221424102783;0.43294230103492737;-0.986054539680481;-5.326320734078711e-07;-1.326819259523564e-14;2.292648493925017;-1.0967952590590357e-07;-2.4268217657663627e-07;0.9112562537193298;0.41183972358703613
147;1.026422381401062;0.4902346730232239;-1.0066357851028442;0.0;0.0;2.40320775014357;-0.0;0.0;0.932619035243988;0.3608623743057251
148;1.0421963930130005;0.5382348299026489;-1.0169233083724976;2.4938994660404834e-09;1.1920928090967327e-07;2.4757211027606707;-5.5924040509580664e-08;2.0658404764617444e-08;0.9450869560241699;0.3268190026283264
149;1.0581703186035156;0.5935940146446228;-0.9963622093200684;-1.2437548041444905e-15;1.1920927141787564e-07;2.528717253316187;-5.682791126560005e-08;1.7980584132715194e-08;0.9534142017364502;0.30166417360305786
150;1.0764328241348267;0.647315263748169;-1.0169275999069214;-1.4818528010023605e-15;1.1920927197850705e-07;2.589565100522872;-5.734856856065562e-08;1.624360201901709e-08;0.9621493816375732;0.2725224494934082
151;1.0937879085540771;0.7048684358596802;-1.006652593612671;3.983243381438578e-10;-2.1593334823737524e-18;2.6310399537637563;5.029100053066671e-11;1.9270803008897275e-10;0.9675935506820679;0.2525128126144409
152;1.1070212125778198;0.7470558881759644;-1.006656527519226;0.0;0.0;2.6591886624137824;-0.0;0.0;0.9710515141487122;0.23886996507644653
153;1.1246569156646729;0.8032884001731873;-1.0066598653793335;8.77225752403036e-10;-4.418474577458153e-18;2.6908716015396426;9.801146005905537e-11;4.2752196227624495e-10;0.9747135639190674;0.22345775365829468
154;1.1411813497543335;0.8559859991073608;-1.0066635608673096;0.0;0.0;2.7154742483758554;-0.0;0.0;0.9773885607719421;0.21145087480545044
155;1.157697081565857;0.9086645245552063;-1.0066667795181274;1.189652165287635e-10;-7.156766659808795e-21;2.7359789856217653;1.1980952688284141e-11;5.826351900939386e-11;0.9795050621032715;0.2014194130897522
156;1.1713346242904663;0.9526806473731995;-1.006650447845459;0.02187689003498345;-1.3828017375840867e-05;2.750964782745998;0.0021296131890267134;0.01072891429066658;0.9809281229972839;0.19406282901763916
157;1.185856580734253;1.0051288604736328;-1.0056906938552856;0.1580468090056062;-0.012495513922327322;2.766700980881629;0.02082953043282032;0.07639626413583755;0.9794901013374329;0.18528032302856445
158;1.1946965456008911;1.03342866897583;-1.0144734382629395;0.24927743781258582;-0.01351297178753466;2.7765484356217933;0.029156837612390518;0.12103160470724106;0.9758907556533813;0.17927224934101105
159;1.207878828048706;1.0809619426727295;-1.0024198293685913;0.3268468763128227;-0.012646788778175946;2.788077993536165;0.03474968671798706;0.1590617299079895;0.971464216709137;0.1724792718887329
160;1.2173432111740112;1.1127854585647583;-1.0108237266540527;0.39150394987091813;-0.011927244118054495;2.7973458345645663;0.039076320827007294;0.19062477350234985;0.9665886163711548;0.16685788333415985
161;1.226316213607788;1.1498998403549194;-0.9990732073783875;0.43099536217807904;-0.011423936642549752;2.805692370712301;0.041245512664318085;0.20988872647285461;0.9633134007453918;0.1620883196592331
162;1.2318599224090576;1.1745156049728394;-0.9977439641952515;0.4632996359537282;-0.011048320382436987;2.812286736923881;0.04293433204293251;0.22559379041194916;0.9603188037872314;0.15827828645706177
163;1.2380952835083008;1.202547311782837;-1.0008095502853394;0.3610499856246226;-0.010292531764871047;2.8182515984443333;0.03389723598957062;0.1763874739408493;0.971057116985321;0.15743735432624817
164;1.2415635585784912;1.222389578819275;-1.002894401550293;0.2734824721725994;-0.008925796104037001;2.822911268562358;0.02599381096661091;0.13388583064079285;0.9782025814056396;0.1565839648246765
165;1.2432148456573486;1.2331041097640991;-1.0146664381027222;0.21546333999893055;-0.007799389214143869;2.826206622230626;0.020714346319437027;0.10557959973812103;0.9819251298904419;0.15571457147598267
166;1.2433669567108154;1.2439075708389282;-1.0155137777328491;0.15839007218606616;-0.006307961038161477;2.8294110491140207;0.015404419973492622;0.07766131311655045;0.9847802519798279;0.15472322702407837
167;1.2420510053634644;1.2513741254806519;-1.015994668006897;0.11489272868118088;-0.004906061014383622;2.8321766850483057;0.011266838759183884;0.05635150521993637;0.986445426940918;0.15369777381420135
168;1.2402054071426392;1.2546260356903076;-1.0162009000778198;0.09086830057543455;-0.004024625640945965;2.833890735259745;0.008946625515818596;0.04457389935851097;0.9871805310249329;0.1529959738254547
169;1.236788034439087;1.2570964097976685;-1.005697250366211;0.06872443998400908;-0.003159044866123215;2.835476035707983;0.006798009388148785;0.03371310606598854;0.9877330660820007;0.1523175835609436
170;1.2310317754745483;1.253796935081482;-1.0164822340011597;0.045013212233116814;-0.002166746799774841;2.8376053111186534;0.004478027578443289;0.022081250324845314;0.9882239103317261;0.15134656429290771
171;1.2266736030578613;1.2537474632263184;-0.9952624440193176;0.036177105501415355;-0.0017683509334308894;2.83833275810166;0.003606005571782589;0.017746495082974434;0.988366425037384;0.1510089635848999
172;1.2209815979003906;1.2457497119903564;-1.0165657997131348;0.025739856612325963;-0.0012878179937016148;2.839598619596896;0.002572420286014676;0.012626283802092075;0.988540768623352;0.1504032015800476
173;1.214734673500061;1.2397781610488892;-1.016591191291809;0.018632677538751717;-0.0009469983219238118;2.840463118038418;0.0018655200256034732;0.00913978461176157;0.9886441230773926;0.14998562633991241
174;1.208011269569397;1.2346237897872925;-1.0060245990753174;0.013549671156841085;-0.000696659087706061;2.841136545066547;0.001358337001875043;0.00664634769782424;0.9887145757675171;0.14965784549713135
175;1.2038049697875977;1.2286466360092163;-1.0166268348693848;0.010899608384252834;-0.0005635023589096951;2.841587231272809;0.0010930022690445185;0.0053464751690626144;0.9887561798095703;0.1494370698928833
176;1.1964669227600098;1.2225087881088257;-1.0060805082321167;0.007765508815687246;-0.00040423862367734936;2.8420992593109444;0.0007791134994477034;0.0038091386668384075;0.9888015985488892;0.14918579161167145
177;1.19287109375;1.2153916358947754;-1.0272047519683838;0.006346885404351346;-0.00033175942800681157;2.8424180455908776;0.0006369639886543155;0.0031132777221500874;0.9888277053833008;0.14902876317501068
178;1.1845643520355225;1.207995891571045;-1.0166704654693604;0.004333315531376974;-0.00022792813596755115;2.842822023378687;0.000435158668551594;0.0021255642641335726;0.9888604283332825;0.14882971346378326
179;1.1788817644119263;1.2050262689590454;-0.9956284761428833;0.003428478691251805;-0.00018000604832693322;2.843012177711487;0.0003439712745603174;0.0016817841678857803;0.9888754487037659;0.1487359255552292
180;1.1719334125518799;1.195723295211792;-1.0061798095703125;0.002437231281963902;-0.00012791159792392435;2.843298405334;0.000244325608946383;0.0011955829104408622;0.9888975024223328;0.14859461784362793
181;1.1646183729171753;1.1892950534820557;-0.9851489067077637;0.03260925473520326;-9.703630851428043e-05;2.8434587081394103;0.0024693566374480724;0.016115890815854073;0.9887787699699402;0.14849500358104706
182;1.1576520204544067;1.1716840267181396;-1.0161174535751343;0.12173739438176191;-0.0005358460258770388;2.849168594508204;0.009127157740294933;0.06014309078454971;0.9875001907348633;0.14540567994117737
183;1.1485062837600708;1.1582802534103394;-1.0159308910369873;0.13925222624847675;-0.0034461001182556194;2.8729964171752136;0.011018425226211548;0.06871318817138672;0.9886089563369751;0.13345134258270264
184;1.1399593353271484;1.152266502380371;-0.9848413467407227;0.09450580710313984;-0.006140708754710849;2.9013319550837897;0.008705549873411655;0.04652712866663933;0.9916976094245911;0.11956331878900528
185;1.1343642473220825;1.1419132947921753;-0.995473325252533;0.07703372463826884;-0.0080683222395052;2.9372539329405742;0.007937533780932426;0.0378950759768486;0.9940552115440369;0.10176070034503937
186;1.1227434873580933;1.1212830543518066;-1.0061227083206177;0.04962009293461864;-0.010564682835104753;3.0277369290566107;0.006683592684566975;0.024466514587402344;0.998066246509552;0.05674797296524048
187;1.116457223892212;1.1087597608566284;-1.0166575908660889;0.039328433000498826;-0.011072873812320043;3.0848367661294818;0.006091020070016384;0.019497670233249664;0.9993919134140015;0.0282593984156847
188;1.1056922674179077;1.0917783975601196;-1.0062261819839478;0.027337931821263733;-0.009949443861960911;-3.132687212441468;-0.0049133263528347015;-0.013690385036170483;-0.9998839497566223;0.004520230460911989
189;1.0981286764144897;1.0783566236495972;-1.0062528848648071;0.020986519226365165;-0.008810161222950624;-3.0911741647240274;-0.004138933029025793;-0.010600662790238857;-0.999616265296936;0.02525114268064499
190;1.0859293937683105;1.056433916091919;-1.0062824487686157;0.013961357943727472;-0.006880044142818285;-3.036660142594587;-0.0030691209249198437;-0.007151372730731964;-0.9985924959182739;0.05246458575129509
191;1.0764518976211548;1.0374220609664917;-1.0167521238327026;0.010149927735905007;-0.005517482803314758;-2.999577487021768;-0.0023916950449347496;-0.005257857963442802;-0.9974624514579773;0.07096072286367416
192;1.0685558319091797;1.0230399370193481;-1.0167622566223145;0.007888102342905753;-0.004549265518304122;-2.9761304161053794;-0.0019409112865105271;-0.004118507727980614;-0.9965686798095703;0.08264486491680145
193;1.0569874048233032;1.0037291049957275;-1.0063387155532837;0.00551498239632255;-0.0033912656440798225;-2.9497420654381896;-0.0014237234136089683;-0.00290721096098423;-0.9953969717025757;0.09578238427639008
194;1.0463206768035889;0.9841777682304382;-1.0063551664352417;0.003914770266547332;-0.0025417799677490216;-2.928015935954753;-0.001055019092746079;-0.0020816903561353683;-0.9943005442619324;0.10658768564462662
195;1.0365711450576782;0.9644269943237305;-1.016786813735962;0.00287710722107255;-0.0019397731049968904;-2.910106900633676;-0.0007972655585035682;-0.0015409344341605902;-0.9933075308799744;0.11548580974340439
196;1.0268434286117554;0.9483537673950195;-1.0063809156417847;0.002155129176500826;-0.001489758132776435;-2.897772247757264;-0.000608309346716851;-0.0011601501610130072;-0.9925771355628967;0.12160912156105042
197;1.0167109966278076;0.9296709895133972;-1.0063941478729248;0.0015767962235409638;-0.0011211631476860365;-2.885609182344251;-0.0004553628386929631;-0.0008535030647180974;-0.9918196797370911;0.1276429295539856
198;1.0069292783737183;0.9134546518325806;-0.9960050582885742;0.0011773684686816359;-0.0008517501672987893;-2.8766192118597442;-0.00034437800059095025;-0.0006397831020876765;-0.9912360906600952;0.13209965825080872
199;0.9971306324005127;0.8971922993659973;-0.9856300950050354;0.0008846101359650064;-0.0006498097012374325;-2.868873936928438;-0.00026176319806836545;-0.00048236598377116024;-0.9907172322273254;0.13593727350234985
200;0.9861801862716675;0.87326580286026;-1.0064336061477661;0.0006271487270475346;-0.00046825397582143176;-2.8594580930130222;-0.00018771277973428369;-0.0003433777019381523;-0.9900663495063782;0.14059990644454956
201;0.9789985418319702;0.8581411838531494;-1.0168246030807495;0.0004992585170958985;-0.0003761052944831703;-2.8544996312664295;-0.00015040801372379065;-0.0002739634655881673;-0.9897148609161377;0.14305409789085388
202;0.965387225151062;0.8329589366912842;-1.0168317556381226;0.00033258251196213723;-0.0002534389615000614;-2.847661317427646;-0.00010100220242748037;-0.00018305506091564894;-0.9892200231552124;0.14643724262714386
203;0.9555566906929016;0.8166096806526184;-1.006468653678894;0.0002504646633310029;-0.0001918077325884728;-2.844027997649677;-7.62806594138965e-05;-0.00013806502101942897;-0.9889522790908813;0.148234024643898
204;0.9446623921394348;0.7964485883712769;-1.0064795017242432;0.00018230943391096536;-0.00014007088936430462;-2.840276215157483;-5.5560809414600953e-05;-0.00010063371155411005;-0.9886724352836609;0.15008890628814697
205;0.935510516166687;0.7813515067100525;-0.9961289167404175;0.00013921103519677006;-0.00010764597899945316;-2.837904447558307;-4.267507392796688e-05;-7.69459584262222e-05;-0.988493800163269;0.15126127004623413
206;0.9235530495643616;0.7573773264884949;-1.0064998865127563;9.694019885148636e-05;-7.510185580022665e-05;-2.8347889475887897;-2.9703691325266846e-05;-5.363873060559854e-05;-0.9882569909095764;0.15280091762542725
207;0.9167434573173523;0.7447723150253296;-1.0065075159072876;7.976963523028572e-05;-6.127357217557695e-05;-2.833416238646122;-2.4152310288627632e-05;-4.411436748341657e-05;-0.9881518483161926;0.15347915887832642
208;0.9047855734825134;0.7207974195480347;-1.0168625116348267;5.5393988317787144e-05;-4.267692768458538e-05;-2.831226862017279;-1.680117566138506e-05;-3.066225690417923e-05;-0.9879832863807678;0.15456080436706543
209;0.8985850811004639;0.7062997221946716;-1.016840934753418;0.02484704324512127;-3.6835715082634486e-05;-2.8302617357042745;0.0019078688928857446;-0.012275843881070614;-0.987832248210907;0.15502578020095825
210;0.887459933757782;0.6697232723236084;-1.005350947380066;0.16996569499908362;-0.01480126020053757;-2.830484960279047;0.005865138489753008;-0.08499584347009659;-0.9842363595962524;0.15498454868793488
211;0.879706859588623;0.6366081237792969;-1.0033390522003174;0.2783425202414093;-0.023404354802466273;-2.8312650915068964;0.009987418539822102;-0.13883742690086365;-0.9781157970428467;0.1546410173177719
212;0.8725448250770569;0.6007266044616699;-1.0012657642364502;0.3554561571955525;-0.03012454513101932;-2.8323148038294925;0.012579747475683689;-0.17694774270057678;-0.9719826579093933;0.15421101450920105
213;0.8672155737876892;0.570853054523468;-1.0009024143218994;0.3608844479610137;-0.027299998819005834;-2.830305029887751;0.014551675878465176;-0.1793603003025055;-0.9714022874832153;0.15490515530109406
214;0.8594701886177063;0.5370312333106995;-1.003401517868042;0.25117435896624407;-0.02028572031379958;-2.827180884621916;0.009670455008745193;-0.12528176605701447;-0.9796407222747803;0.15657295286655426
215;0.8535641431808472;0.49594733119010925;-1.0045745372772217;0.1776585864329276;-0.014690396286076615;-2.825148381796174;0.00675263162702322;-0.0887547954916954;-0.9834863543510437;0.15758083760738373
216;0.8498072028160095;0.4583444595336914;-1.0050239562988281;0.14003926067903727;-0.011491058421193967;-2.8240714958585373;0.005401152651757002;-0.06998754292726517;-0.9849246740341187;0.15810143947601318
217;0.8459882736206055;0.4086449444293976;-1.0053852796554565;0.10208000909861777;-0.008376119762835484;-2.823107691689794;0.003960171714425087;-0.05103514343500137;-0.9860194325447083;0.15857341885566711
218;0.8430465459823608;0.3552675247192383;-1.0055941343307495;0.07360684197745455;-0.006102322383293121;-2.822419200423911;0.00283674499951303;-0.03681192547082901;-0.9866019487380981;0.15891264379024506
219;0.8411914110183716;0.30969172716140747;-1.0056971311569214;0.056862695684957665;-0.004729747506007486;-2.821993191181424;0.002189590595662594;-0.028441395610570908;-0.9868467450141907;0.15912212431430817
220;0.8394029140472412;0.2515558898448944;-1.0057814121246338;0.04140238588962526;-0.0034391873186218236;-2.8215807118752245;0.001600694959051907;-0.020709186792373657;-0.9870076775550842;0.15932486951351166
221;0.8383865356445312;0.19017940759658813;-1.016503930091858;0.029943261588995303;-0.0024895668435392488;-2.8212472796435;0.0011590028880164027;-0.014977932907640934;-0.9870854020118713;0.15948909521102905
222;0.8372121453285217;0.14183169603347778;-1.0058767795562744;0.02317230922096502;-0.0019239185383659672;-2.821045841107068;0.0008994035888463259;-0.011590909212827682;-0.9871151447296143;0.1595883071422577
223;0.8367884755134583;0.08210517466068268;-1.016552209854126;0.017116588855282347;-0.0014189479330045083;-2.8208366143194836;0.0006663253298029304;-0.008561653085052967;-0.9871296286582947;0.15969149768352509
224;0.8357587456703186;0.016782104969024658;-1.005941390991211;0.012141945518777359;-0.0010066030438637815;-2.820657202287781;0.000473187246825546;-0.006073355674743652;-0.987133800983429;0.15977996587753296
225;0.8353387117385864;-0.03062320314347744;-1.0059701204299927;0.009632443517195251;-0.0007941719312929699;-2.8205481939248465;0.00037781521677970886;-0.004817752633243799;-0.9871320724487305;0.15983374416828156
226;0.8348214030265808;-0.09400569647550583;-1.005998134613037;0.006960633668603774;-0.0005726813669373914;-2.820426881362287;0.0002738242328632623;-0.003481317078694701;-0.987127959728241;0.15989357233047485
227;0.8347196578979492;-0.155052050948143;-1.016614556312561;0.005158505632887467;-0.00042390818581799567;-2.820329473808568;0.00020330485131125897;-0.0025799458380788565;-0.9871231317520142;0.15994173288345337
228;0.8340069651603699;-0.20529240369796753;-1.0060482025146484;0.0039938829755104925;-0.00032651424997718053;-2.8202635390672963;0.00015830472693778574;-0.001997338840737939;-0.9871191382408142;0.15997423231601715
229;0.8339176774024963;-0.2704787850379944;-1.0166391134262085;0.002894805805486952;-0.00023603428727524386;-2.820191695583497;0.00011510197509778664;-0.0014476372161880136;-0.9871143102645874;0.16000966727733612
230;0.8331514596939087;-0.33277595043182373;-1.006095051765442;0.0020958617226118632;-0.00017046926507919936;-2.820135950581871;8.357191109098494e-05;-0.0010480645578354597;-0.987110435962677;0.16003721952438354
231;0.8327648639678955;-0.3925885260105133;-1.0061215162277222;0.0015477741847462053;-0.00011825560816146903;-2.824043185793856;6.397403194569051e-05;-0.0007735014660283923;-0.987421452999115;0.15810847282409668
232;0.8323571085929871;-0.45640313625335693;-1.0061438083648682;0.001115396411326417;-5.543231299481116e-05;-2.844420643891642;5.515080556506291e-05;-0.0005556562100537121;-0.9889812469482422;0.14803986251354218
233;0.8313645124435425;-0.5013344287872314;-0.9851208925247192;0.0008744585529244106;-2.0265572236531187e-05;-2.8661501804896243;4.9988731916528195e-05;-0.00043448046199046075;-0.9905312061309814;0.1372862309217453
234;0.8315715789794922;-0.5800506472587585;-1.006189227104187;0.0005969451694930522;3.409384909607026e-05;-2.934304899514851;4.78349465993233e-05;-0.0002951072819996625;-0.994633674621582;0.10345838963985443
235;0.8313432931900024;-0.6159420013427734;-1.0062044858932495;0.000497611530034232;4.9948686287110064e-05;-2.9715398850542725;4.6013694372959435e-05;-0.00024578601005487144;-0.9963874220848083;0.08492396771907806
236;0.8308590650558472;-0.6916900277137756;-1.0062282085418701;0.000335493808038486;6.711482957909827e-05;-3.055867691388901;4.0714439819566905e-05;-0.00016615491767879575;-0.999081552028656;0.042849354445934296
237;0.8300447463989258;-0.7086933255195618;-0.9852616786956787;0.0003033881374326431;6.556511534020657e-05;-3.0697542148333694;3.820897109108046e-05;-0.00015041894221212715;-0.9993550181388855;0.035911496728658676
238;0.8300669193267822;-0.8152062296867371;-1.006264567375183;0.00017228137213075;6.43730005889432e-05;3.087730237618627;-2.9855238608433865e-05;8.697617158759385e-05;0.9996373057365417;0.026927949860692024
239;0.8296613097190857;-0.8789215683937073;-1.006281852722168;0.00012160666199015769;5.4597855489319913e-05;3.030949123906105;-2.3895130652817897e-05;6.221976218512282e-05;0.9984701871871948;0.05529356002807617
240;0.8293594717979431;-0.9266915917396545;-1.0063010454177856;9.453069325249185e-05;4.684924723879015e-05;2.9950464400276315;-1.9901588530046865e-05;4.885338057647459e-05;0.9973167181015015;0.0732075572013855
241;0.8289861083030701;-0.9863845705986023;-1.0063183307647705;6.862153305436411e-05;3.767013538941103e-05;2.956937023293603;-1.5591505871270783e-05;3.5901161027140915e-05;0.9957408308982849;0.09219670295715332
242;0.8285925388336182;-1.050032377243042;-1.006335973739624;4.859372749248256e-05;2.8967850654414054e-05;2.9232542369212915;-1.1750499652407598e-05;2.5730285415193066e-05;0.9940468668937683;0.10895246267318726
243;0.8282040953636169;-1.1136549711227417;-1.0063506364822388;3.434609009941461e-05;2.2053714772609614e-05;2.8955192298335937;-8.835912922222633e-06;1.8396514860796742e-05;0.9924404621124268;0.12272650003433228
244;0.8278210759162903;-1.1772520542144775;-1.0063670873641968;2.459436459069272e-05;1.6689299445337937e-05;2.872683733487968;-6.62090224068379e-06;1.3304793355928268e-05;0.9909746050834656;0.13404971361160278
245;0.8279051184654236;-1.2224136590957642;-1.0167932510375977;1.9644351122119353e-05;1.3709066953478296e-05;2.8582446338711107;-5.398961548053194e-06;1.0691631359804887e-05;0.9899809956550598;0.14120054244995117
246;0.8275318741798401;-1.2859671115875244;-1.0168004035949707;1.4050564769516667e-05;1.0251997396778784e-05;2.841992262017891;-4.020135293103522e-06;7.711612852290273e-06;0.9888008832931519;0.14924055337905884
247;0.8267971873283386;-1.3520132303237915;-1.006407618522644;9.828099793147188e-06;7.271766509156388e-06;2.82860947922988;-2.8255808501853608e-06;5.420666639111005e-06;0.9877801537513733;0.15585362911224365
248;0.826892614364624;-1.3971246480941772;-1.0168124437332153;7.899546933925035e-06;5.960463390385532e-06;2.82014749081843;-2.309734099981142e-06;4.375799562694738e-06;0.9871118664741516;0.1600314974784851
249;0.8265353441238403;-1.4606091976165771;-1.0168178081512451;5.676006570191116e-06;4.41074416650466e-06;2.8106226851211917;-1.7077371694540489e-06;3.1625245355826337e-06;0.9863386154174805;0.1647307276725769
