id;marker1_x[m];marker1_y[m];marker1_z[m];marker2_x[m];marker2_y[m];marker2_z[m];marker3_x[m];marker3_y[m];marker3_z[m];marker4_x[m];marker4_y[m];marker4_z[m]
0;3.814697180359872e-08;-1.9437499046325684;-0.008249999955296516;-9.53674295089968e-09;-2.055999994277954;-0.008249999955296516;-0.05249999463558197;-1.9887499809265137;-0.008249999955296516;0.06050000712275505;-1.9887499809265137;-0.008249999955296516
1;0.039774756878614426;-4.0397748947143555;-0.25513648986816406;-0.03959802910685539;-3.960401773452759;-0.25513648986816406;0.045078057795763016;-3.970831871032715;-0.25513648986816406;-0.034824974834918976;-4.050734996795654;-0.25513648986816406
2;0.039774756878614426;-4.0397748947143555;-0.2552478015422821;-0.03959802910685539;-3.960401773452759;-0.2552478015422821;0.045078057795763016;-3.970831871032715;-0.2552478015422821;-0.034824974834918976;-4.050734996795654;-0.2552478015422821
3;0.039774756878614426;-4.0397748947143555;-0.25535914301872253;-0.03959802910685539;-3.960401773452759;-0.25535914301872253;0.045078057795763016;-3.970831871032715;-0.25535914301872253;-0.034824974834918976;-4.050734996795654;-0.25535914301872253
4;0.039774756878614426;-4.0397748947143555;-0.2552895247936249;-0.03959802910685539;-3.960401773452759;-0.2552895247936249;0.045078057795763016;-3.970831871032715;-0.2552895247936249;-0.034824974834918976;-4.050734996795654;-0.2552895247936249
5;0.039774756878614426;-4.0397748947143555;-0.2552756369113922;-0.03959802910685539;-3.960401773452759;-0.2552756369113922;0.045078057795763016;-3.970831871032715;-0.2552756369113922;-0.034824974834918976;-4.050734996795654;-0.2552756369113922
6;0.039774756878614426;-4.0397748947143555;-0.2553730010986328;-0.03959802910685539;-3.960401773452759;-0.2553730010986328;0.045078057795763016;-3.970831871032715;-0.2553730010986328;-0.034824974834918976;-4.050734996795654;-0.2553730010986328
7;0.039774756878614426;-4.0397748947143555;-0.2552199363708496;-0.03959802910685539;-3.960401773452759;-0.2552199363708496;0.045078057795763016;-3.970831871032715;-0.2552199363708496;-0.034824974834918976;-4.050734996795654;-0.2552199363708496
8;0.039774756878614426;-4.0397748947143555;-0.255414754152298;-0.03959802910685539;-3.960401773452759;-0.255414754152298;0.045078057795763016;-3.970831871032715;-0.255414754152298;-0.034824974834918976;-4.050734996795654;-0.255414754152298
9;0.039774756878614426;-4.0397748947143555;-0.2553730010986328;-0.03959802910685539;-3.960401773452759;-0.2553730010986328;0.045078057795763016;-3.970831871032715;-0.2553730010986328;-0.034824974834918976;-4.050734996795654;-0.2553730010986328
10;0.039774756878614426;-4.0397748947143555;-0.2552199363708496;-0.03959802910685539;-3.960401773452759;-0.2552199363708496;0.045078057795763016;-3.970831871032715;-0.2552199363708496;-0.034824974834918976;-4.050734996795654;-0.2552199363708496
11;0.039774756878614426;-4.0397748947143555;-0.25545644760131836;-0.03959802910685539;-3.960401773452759;-0.25545644760131836;0.045078057795763016;-3.970831871032715;-0.25545644760131836;-0.034824974834918976;-4.050734996795654;-0.25545644760131836
12;0.039774756878614426;-4.0397748947143555;-0.2552756369113922;-0.03959802910685539;-3.960401773452759;-0.2552756369113922;0.045078057795763016;-3.970831871032715;-0.2552756369113922;-0.034824974834918976;-4.050734996795654;-0.2552756369113922
13;0.039774756878614426;-4.0397748947143555;-0.2552478015422821;-0.03959802910685539;-3.960401773452759;-0.2552478015422821;0.045078057795763016;-3.970831871032715;-0.2552478015422821;-0.034824974834918976;-4.050734996795654;-0.2552478015422821
14;0.039774756878614426;-4.0397748947143555;-0.25535908341407776;-0.03959802910685539;-3.960401773452759;-0.25535908341407776;0.045078057795763016;-3.970831871032715;-0.25535908341407776;-0.034824974834918976;-4.050734996795654;-0.25535908341407776
15;0.039774756878614426;-4.0397748947143555;-0.25522005558013916;-0.03959802910685539;-3.960401773452759;-0.25522005558013916;0.045078057795763016;-3.970831871032715;-0.25522005558013916;-0.034824974834918976;-4.050734996795654;-0.25522005558013916
16;0.039774756878614426;-4.0397748947143555;-0.25535911321640015;-0.03959802910685539;-3.960401773452759;-0.25535911321640015;0.045078057795763016;-3.970831871032715;-0.25535911321640015;-0.034824974834918976;-4.050734996795654;-0.25535911321640015
17;0.039774756878614426;-4.0397748947143555;-0.2552756369113922;-0.03959802910685539;-3.960401773452759;-0.2552756369113922;0.045078057795763016;-3.970831871032715;-0.2552756369113922;-0.034824974834918976;-4.050734996795654;-0.2552756369113922
18;0.039774756878614426;-4.0397748947143555;-0.25535908341407776;-0.03959802910685539;-3.960401773452759;-0.25535908341407776;0.045078057795763016;-3.970831871032715;-0.25535908341407776;-0.034824974834918976;-4.050734996795654;-0.25535908341407776
19;0.039774756878614426;-4.0397748947143555;-0.2552478015422821;-0.03959802910685539;-3.960401773452759;-0.2552478015422821;0.045078057795763016;-3.970831871032715;-0.2552478015422821;-0.034824974834918976;-4.050734996795654;-0.2552478015422821
20;0.039774756878614426;-4.0397748947143555;-0.2553730010986328;-0.03959802910685539;-3.960401773452759;-0.2553730010986328;0.045078057795763016;-3.970831871032715;-0.2553730010986328;-0.034824974834918976;-4.050734996795654;-0.2553730010986328
21;0.039774756878614426;-4.0397748947143555;-0.25545644760131836;-0.03959802910685539;-3.960401773452759;-0.25545644760131836;0.045078057795763016;-3.970831871032715;-0.25545644760131836;-0.034824974834918976;-4.050734996795654;-0.25545644760131836
22;0.039774756878614426;-4.0397748947143555;-0.2553730010986328;-0.03959802910685539;-3.960401773452759;-0.2553730010986328;0.045078057795763016;-3.970831871032715;-0.2553730010986328;-0.034824974834918976;-4.050734996795654;-0.2553730010986328
23;0.039774756878614426;-4.0397748947143555;-0.2552756369113922;-0.03959802910685539;-3.960401773452759;-0.2552756369113922;0.045078057795763016;-3.970831871032715;-0.2552756369113922;-0.034824974834918976;-4.050734996795654;-0.2552756369113922
24;0.039774756878614426;-4.0397748947143555;-0.2552756369113922;-0.03959802910685539;-3.960401773452759;-0.2552756369113922;0.045078057795763016;-3.970831871032715;-0.2552756369113922;-0.034824974834918976;-4.050734996795654;-0.2552756369113922
25;0.039774756878614426;-4.0397748947143555;-0.2552756369113922;-0.03959802910685539;-3.960401773452759;-0.2552756369113922;0.045078057795763016;-3.970831871032715;-0.2552756369113922;-0.034824974834918976;-4.050734996795654;-0.2552756369113922
26;0.039774756878614426;-4.0397748947143555;-0.25520607829093933;-0.03959802910685539;-3.960401773452759;-0.25520607829093933;0.045078057795763016;-3.970831871032715;-0.25520607829093933;-0.034824974834918976;-4.050734996795654;-0.25520607829093933
27;0.039774756878614426;-4.0397748947143555;-0.2552756369113922;-0.03959802910685539;-3.960401773452759;-0.2552756369113922;0.045078057795763016;-3.970831871032715;-0.2552756369113922;-0.034824974834918976;-4.050734996795654;-0.2552756369113922
28;0.039774756878614426;-4.0397748947143555;-0.2552478015422821;-0.03959802910685539;-3.960401773452759;-0.2552478015422821;0.045078057795763016;-3.970831871032715;-0.2552478015422821;-0.034824974834918976;-4.050734996795654;-0.2552478015422821
29;0.039774756878614426;-4.0397748947143555;-0.2552756369113922;-0.03959802910685539;-3.960401773452759;-0.2552756369113922;0.045078057795763016;-3.970831871032715;-0.2552756369113922;-0.034824974834918976;-4.050734996795654;-0.2552756369113922
30;0.039774756878614426;-4.0397748947143555;-0.2552756369113922;-0.03959802910685539;-3.960401773452759;-0.2552756369113922;0.045078057795763016;-3.970831871032715;-0.2552756369113922;-0.034824974834918976;-4.050734996795654;-0.2552756369113922
31;0.03979632630944252;-4.039752960205078;-0.2553729712963104;-0.03958778828382492;-3.9603917598724365;-0.2553729712963104;0.04508964344859123;-3.9708094596862793;-0.2552301287651062;-0.034801676869392395;-4.050723552703857;-0.2555375397205353
32;0.0408567376434803;-4.038691997528076;-0.25512322783470154;-0.03911200538277626;-3.9599196910858154;-0.2552298307418823;0.04545551538467407;-3.9698915481567383;-0.24996501207351685;-0.03344535082578659;-4.050005912780762;-0.26115942001342773
33;0.043600957840681076;-4.036136627197266;-0.25395697355270386;-0.03773270174860954;-3.958813190460205;-0.2563958466053009;0.04618135467171669;-3.967778205871582;-0.24387094378471375;-0.029552927240729332;-4.048191547393799;-0.26768437027931213
34;0.04986857250332832;-4.030024528503418;-0.253216415643692;-0.03434205427765846;-3.9558732509613037;-0.25642237067222595;0.04887375235557556;-3.962409019470215;-0.2387804239988327;-0.021647745743393898;-4.0439605712890625;-0.27261850237846375
35;0.05737607926130295;-4.022547721862793;-0.2527279257774353;-0.02968248724937439;-3.9517955780029297;-0.256602019071579;0.05307051166892052;-3.9555463790893555;-0.23618897795677185;-0.012782408855855465;-4.0387091636657715;-0.27512994408607483
36;0.07047988474369049;-4.009459495544434;-0.2525939643383026;-0.020229341462254524;-3.9435198307037354;-0.2574803829193115;0.06336431950330734;-3.94174861907959;-0.24051620066165924;0.0004095482872799039;-4.030590534210205;-0.2707284688949585
37;0.0862039178609848;-3.9935991764068604;-0.2527558505535126;-0.007351202890276909;-3.931744337081909;-0.25739315152168274;0.07672171294689178;-3.925638437271118;-0.24422945082187653;0.01640521176159382;-4.018542766571045;-0.2665829360485077
38;0.10542767494916916;-3.974229335784912;-0.2531300485134125;0.009503545239567757;-3.91607403755188;-0.25720518827438354;0.09368051588535309;-3.9063384532928467;-0.24729174375534058;0.03619492053985596;-4.002285003662109;-0.26337429881095886
39;0.12254636734724045;-3.957031726837158;-0.2533758282661438;0.02508768066763878;-3.9014439582824707;-0.25681811571121216;0.1091950312256813;-3.8893134593963623;-0.24922679364681244;0.053838107734918594;-3.9871041774749756;-0.2611273527145386
40;0.14651644229888916;-3.93302845954895;-0.25335633754730225;0.04748227447271347;-3.8802595138549805;-0.25614067912101746;0.13133777678012848;-3.865633964538574;-0.2503815293312073;0.07855452597141266;-3.9651598930358887;-0.2591869533061981
41;0.17012394964694977;-3.9094932079315186;-0.2533266246318817;0.06993545591831207;-3.8589189052581787;-0.25546589493751526;0.1535322219133377;-3.842397689819336;-0.2512882351875305;0.10279440879821777;-3.94317364692688;-0.25752153992652893
42;0.18835830688476562;-3.8913753032684326;-0.25309911370277405;0.08747141808271408;-3.842194080352783;-0.2548668086528778;0.17086543142795563;-3.824496030807495;-0.2515450119972229;0.12146458029747009;-3.926008939743042;-0.25641530752182007
43;0.2146749049425125;-3.865300416946411;-0.25299689173698425;0.1129865050315857;-3.817784070968628;-0.2543118894100189;0.19610664248466492;-3.7987022399902344;-0.2519127130508423;0.14832885563373566;-3.90104603767395;-0.25538092851638794
44;0.23829279839992523;-3.841970205307007;-0.25276830792427063;0.13604232668876648;-3.7956676483154297;-0.25377148389816284;0.21894317865371704;-3.775590658187866;-0.2519885003566742;0.17236217856407166;-3.878511667251587;-0.2545325458049774
45;0.26506391167640686;-3.8155879974365234;-0.2537883222103119;0.16230399906635284;-3.77042293548584;-0.25453874468803406;0.2449849396944046;-3.749423027038574;-0.25323396921157837;0.19953416287899017;-3.852863311767578;-0.255074679851532
46;0.284626305103302;-3.796353340148926;-0.25218233466148376;0.1815713495016098;-3.7518630027770996;-0.25277191400527954;0.26411640644073486;-3.7303199768066406;-0.25175705552101135;0.2193385660648346;-3.834059715270996;-0.2531811594963074
47;0.3104328513145447;-3.7710163593292236;-0.25185301899909973;0.2070518434047699;-3.7272872924804688;-0.2522873282432556;0.2894384264945984;-3.705134868621826;-0.25154849886894226;0.2454221248626709;-3.809204578399658;-0.2525787055492401
48;0.33601850271224976;-3.7459352016448975;-0.2534049153327942;0.23237375915050507;-3.702833890914917;-0.2537301480770111;0.3146257996559143;-3.6801815032958984;-0.253182977437973;0.2712392508983612;-3.784517765045166;-0.2539413273334503
49;0.3639857769012451;-3.7185616493225098;-0.2512303590774536;0.26011478900909424;-3.6760079860687256;-0.25145861506462097;0.342246949672699;-3.652921438217163;-0.25107789039611816;0.2994101345539093;-3.757485866546631;-0.25160297751426697
50;0.3851931393146515;-3.6978259086608887;-0.2508569359779358;0.28117966651916504;-3.655621290206909;-0.2510344386100769;0.36323413252830505;-3.632258892059326;-0.25073957443237305;0.3207482397556305;-3.736967086791992;-0.2511453330516815
51;0.41136518120765686;-3.6722586154937744;-0.2505119740962982;0.30720585584640503;-3.6304149627685547;-0.25064143538475037;0.38917896151542664;-3.6067681312561035;-0.25042691826820374;0.3470562994480133;-3.711623191833496;-0.2507217228412628
52;0.43267878890037537;-3.651453733444214;-0.250186949968338;0.3284205198287964;-3.6098570823669434;-0.25028708577156067;0.4103374779224396;-3.5860159397125244;-0.25012168288230896;0.3684632480144501;-3.6909706592559814;-0.2503485381603241
53;0.45895281434059143;-3.6258232593536377;-0.24981240928173065;0.35459285974502563;-3.584482431411743;-0.24988535046577454;0.43645113706588745;-3.5604403018951416;-0.24976509809494019;0.3948342800140381;-3.665497303009033;-0.24992984533309937
54;0.4850386083126068;-3.6001784801483154;-0.25245270133018494;0.38032835721969604;-3.5597331523895264;-0.25250688195228577;0.4619778096675873;-3.5349907875061035;-0.2524188458919525;0.4212622046470642;-3.6404006481170654;-0.2525384724140167
55;0.5118090510368347;-3.573289155960083;-0.2523069977760315;0.40609991550445557;-3.535531520843506;-0.252348393201828;0.4870907962322235;-3.508711814880371;-0.25228413939476013;0.44908076524734497;-3.6151270866394043;-0.25236910581588745
56;0.5392041802406311;-3.5450925827026367;-0.24881942570209503;0.4319610893726349;-3.51194167137146;-0.24885159730911255;0.5117163062095642;-3.481644868850708;-0.24880515038967133;0.4783439636230469;-3.589604377746582;-0.24886363744735718
57;0.5612949132919312;-3.5217339992523193;-0.24849988520145416;0.4525841176509857;-3.4937691688537598;-0.2485271543264389;0.5307931303977966;-3.4596786499023438;-0.24849040806293488;0.5026413798332214;-3.56911563873291;-0.24853435158729553
58;0.5884642004966736;-3.4921364784240723;-0.24815984070301056;0.4779905676841736;-3.472245931625366;-0.2481822520494461;0.5534793734550476;-3.4324934482574463;-0.24815478920936584;0.5334557890892029;-3.5437049865722656;-0.24818499386310577
59;0.6103839874267578;-3.467480421066284;-0.24782374501228333;0.49878984689712524;-3.4553632736206055;-0.2478426843881607;0.5713140964508057;-3.4104297161102295;-0.24782128632068634;0.5591162443161011;-3.5227694511413574;-0.247842937707901
60;0.6386418342590332;-3.434556245803833;-0.24751617014408112;0.5263933539390564;-3.4339680671691895;-0.24753135442733765;0.5939174890518188;-3.3818211555480957;-0.24751584231853485;0.5933255553245544;-3.4948198795318604;-0.24752964079380035
61;0.6646392941474915;-3.403017997741699;-0.24721242487430573;0.5529661178588867;-3.414384126663208;-0.24722455441951752;0.6145546436309814;-3.355344533920288;-0.24721328914165497;0.6259965300559998;-3.467763662338257;-0.24722188711166382
62;0.6848796606063843;-3.3774595260620117;-0.25118759274482727;0.5747332572937012;-3.3990888595581055;-0.25119781494140625;0.6306067705154419;-3.3346145153045654;-0.2511890232563019;0.6523808240890503;-3.4454967975616455;-0.2511947751045227
63;0.7098188400268555;-3.3450584411621094;-0.24663983285427094;0.6030458807945251;-3.3796937465667725;-0.24664753675460815;0.650815486907959;-3.30900502204895;-0.24664150178432465;0.6856820583343506;-3.4164912700653076;-0.24664458632469177
64;0.7349560260772705;-3.3109679222106934;-0.24632611870765686;0.6337302923202515;-3.3594799041748047;-0.2463318556547165;0.6716861724853516;-3.2830722332000732;-0.24632780253887177;0.7205223441123962;-3.3849740028381348;-0.24632911384105682
65;0.7534629106521606;-3.285020351409912;-0.24601738154888153;0.6578990817070007;-3.343906879425049;-0.24602185189723969;0.6876106858253479;-3.2639315128326416;-0.2460189312696457;0.7468906044960022;-3.3601338863372803;-0.2460194081068039
66;0.7754929065704346;-3.2535221576690674;-0.2457571029663086;0.6883782148361206;-3.3243114948272705;-0.24576039612293243;0.7074609994888306;-3.241157054901123;-0.24575847387313843;0.7787230014801025;-3.3288536071777344;-0.24575835466384888
67;0.7973924279212952;-3.223219871520996;-0.24550071358680725;0.7189749479293823;-3.3035366535186768;-0.24550297856330872;0.7283909320831299;-3.2187416553497314;-0.2455018162727356;0.8092443943023682;-3.297683000564575;-0.24550139904022217
68;0.8167576193809509;-3.197658061981201;-0.24518555402755737;0.7455354332923889;-3.284418821334839;-0.24518729746341705;0.7476266026496887;-3.1991286277770996;-0.2451864778995514;0.834967315196991;-3.270826578140259;-0.2451860010623932
69;0.8393065929412842;-3.1693522930145264;-0.24487683176994324;0.7754648923873901;-3.2616796493530273;-0.24487803876399994;0.7705310583114624;-3.176506280899048;-0.24487754702568054;0.8634751439094543;-3.240774393081665;-0.24487707018852234
70;0.8619898557662964;-3.142119884490967;-0.25003015995025635;0.8045527935028076;-3.2385623455047607;-0.250031054019928;0.7938573956489563;-3.153919219970703;-0.2500307261943817;0.8909437656402588;-3.211740016937256;-0.2500303089618683
71;0.8858348727226257;-3.1147453784942627;-0.24433721601963043;0.833871066570282;-3.214243173599243;-0.244337797164917;0.8184673190116882;-3.130329132080078;-0.24433760344982147;0.9186299443244934;-3.182640314102173;-0.24433724582195282
72;0.9082428812980652;-3.089759349822998;-0.24404647946357727;0.8606414794921875;-3.1914165019989014;-0.2440468966960907;0.8416141867637634;-3.1082494258880615;-0.24404677748680115;0.9439505338668823;-3.1561686992645264;-0.24404647946357727
73;0.9325029253959656;-3.063391923904419;-0.24376219511032104;0.8888316750526428;-3.1667983531951904;-0.24376249313354492;0.8666317462921143;-3.084421396255493;-0.24376243352890015;0.9707290530204773;-3.1283843517303467;-0.24376218020915985
74;0.9570804238319397;-3.0372414588928223;-0.2434844970703125;0.9166976809501648;-3.1419758796691895;-0.2434847354888916;0.8919064998626709;-3.0603411197662354;-0.24348467588424683;0.9973406791687012;-3.1009938716888428;-0.2434844970703125
75;0.9756770730018616;-3.0177316665649414;-0.24323125183582306;0.9374290108680725;-3.1232643127441406;-0.24323143064975739;0.91098552942276;-3.042149782180786;-0.2432313859462738;1.0172233581542969;-3.080653429031372;-0.24323125183582306
76;1.0003060102462769;-2.9921648502349854;-0.2492419183254242;0.964531660079956;-3.0985615253448486;-0.24924205243587494;0.9362019896507263;-3.0180864334106445;-0.24924203753471375;1.0433095693588257;-3.0541000366210938;-0.2492419183254242
77;1.0254697799682617;-2.9663548469543457;-0.24913768470287323;0.9917916059494019;-3.0734333992004395;-0.249137744307518;0.9618871808052063;-2.9935302734375;-0.249137744307518;1.0696812868118286;-3.027433395385742;-0.24913768470287323
78;1.0495563745498657;-2.941887378692627;-0.24260613322257996;1.017545461654663;-3.049476146697998;-0.24260619282722473;0.9864034652709961;-2.9700469970703125;-0.24260619282722473;1.094711184501648;-3.002271890640259;-0.24260613322257996
79;1.074323296546936;-2.9164576530456543;-0.24891065061092377;1.0444869995117188;-3.024670124053955;-0.24891071021556854;1.0117508172988892;-2.9458847045898438;-0.24891071021556854;1.1206858158111572;-2.9759199619293213;-0.24891065061092377
80;1.0975373983383179;-2.8918161392211914;-0.24214576184749603;1.0710947513580322;-3.0009071826934814;-0.24214576184749603;1.0359141826629639;-2.923182249069214;-0.24214576184749603;1.1457340717315674;-2.9498016834259033;-0.24214576184749603
81;1.1168193817138672;-2.8706929683685303;-0.24193958938121796;1.0943771600723267;-2.9806768894195557;-0.24193958938121796;1.056382417678833;-2.9042882919311523;-0.24193958938121796;1.1671009063720703;-2.926880359649658;-0.24193958938121796
82;1.1395550966262817;-2.8450465202331543;-0.2485934942960739;1.1233186721801758;-2.956116199493408;-0.2485934942960739;1.081098198890686;-2.8819797039031982;-0.2485934942960739;1.192909836769104;-2.898324489593506;-0.2485934942960739
83;1.1611539125442505;-2.8208465576171875;-0.2485027313232422;1.1508151292800903;-2.932619333267212;-0.2485027313232422;1.1047323942184448;-2.8608195781707764;-0.2485027313232422;1.2172520160675049;-2.871227264404297;-0.2485027313232422
84;1.1832250356674194;-2.7968287467956543;-0.24839933216571808;1.1778336763381958;-2.908949136734009;-0.24839933216571808;1.1286242008209229;-2.8392553329467773;-0.24839933216571808;1.2414939403533936;-2.844682455062866;-0.24839933216571808
85;1.2026830911636353;-2.776109218597412;-0.24830573797225952;1.2009150981903076;-2.888345241546631;-0.24830573797225952;1.1494808197021484;-2.8202767372131348;-0.24830573797225952;1.2624667882919312;-2.822056531906128;-0.24830573797225952
86;1.2251745462417603;-2.751941204071045;-0.24092616140842438;1.2269777059555054;-2.8641769886016846;-0.24094022810459137;1.1735187768936157;-2.7977774143218994;-0.23746494948863983;1.2862575054168701;-2.7959651947021484;-0.24492692947387695
87;1.2460187673568726;-2.728210926055908;-0.24048222601413727;1.2508231401443481;-2.840358018875122;-0.24075672030448914;1.1962640285491943;-2.7754054069519043;-0.23162852227687836;1.3075007200241089;-2.7705929279327393;-0.25092190504074097
88;1.2651938199996948;-2.7030627727508545;-0.23983624577522278;1.2726320028305054;-2.815063714981079;-0.2405351847410202;1.2178326845169067;-2.751396656036377;-0.22562375664710999;1.3261901140213013;-2.7440056800842285;-0.2568175494670868
89;1.2787368297576904;-2.6797244548797607;-0.23918506503105164;1.288225531578064;-2.791567325592041;-0.24028180539608002;1.2331775426864624;-2.72891902923584;-0.22228890657424927;1.3394259214401245;-2.719539165496826;-0.2596021890640259
90;1.2882615327835083;-2.6565818786621094;-0.23898161947727203;1.2995378971099854;-2.768256187438965;-0.2403220534324646;1.241998314857483;-2.7066256999969482;-0.22729496657848358;1.3513044118881226;-2.695272445678711;-0.2536056935787201
91;1.294791340827942;-2.632441282272339;-0.2467789202928543;1.3076924085617065;-2.7439398765563965;-0.24808789789676666;1.2486231327056885;-2.68318772315979;-0.23814569413661957;1.3591265678405762;-2.670170545578003;-0.25785717368125916
92;1.2970327138900757;-2.6097047328948975;-0.24681544303894043;1.311200737953186;-2.721050977706909;-0.2479722499847412;1.2511037588119507;-2.6609816551208496;-0.2402999848127365;1.3621854782104492;-2.6466915607452393;-0.2553219199180603
93;1.29593825340271;-2.59132981300354;-0.23878078162670135;1.3109652996063232;-2.7025651931762695;-0.2397749125957489;1.25021231174469;-2.6429619789123535;-0.23382872343063354;1.3615983724594116;-2.627811908721924;-0.24534521996974945
94;1.2958219051361084;-2.5690360069274902;-0.2468716949224472;1.3117519617080688;-2.6801466941833496;-0.24769838154315948;1.2503957748413086;-2.621037483215332;-0.24319012463092804;1.3619157075881958;-2.604984760284424;-0.25182756781578064
95;1.2931535243988037;-2.5465381145477295;-0.2469010353088379;1.309833288192749;-2.6575398445129395;-0.24756012856960297;1.2480099201202393;-2.598844051361084;-0.24417626857757568;1.359568476676941;-2.5820422172546387;-0.25060972571372986
96;1.2877757549285889;-2.5223336219787598;-0.23864802718162537;1.305115818977356;-2.633235216140747;-0.23914538323879242;1.24290132522583;-2.5749058723449707;-0.23672281205654144;1.3544502258300781;-2.557443857192993;-0.24129576981067657
97;1.2848658561706543;-2.500168800354004;-0.24691765010356903;1.3027149438858032;-2.610990047454834;-0.2473110854625702;1.240214467048645;-2.552945852279663;-0.2454672008752823;1.3517224788665771;-2.5349738597869873;-0.24892859160900116
98;1.278072714805603;-2.4760282039642334;-0.23849698901176453;1.2963714599609375;-2.5867762565612793;-0.23878678679466248;1.2336235046386719;-2.5289855003356934;-0.23747126758098602;1.345084547996521;-2.5105624198913574;-0.23992906510829926
99;1.2727502584457397;-2.453651189804077;-0.23840567469596863;1.2913968563079834;-2.5643413066864014;-0.2386264204978943;1.2284619808197021;-2.5067474842071533;-0.23764660954475403;1.3398768901824951;-2.4879753589630127;-0.23947089910507202
100;1.2671215534210205;-2.431288003921509;-0.23830252885818481;1.2860575914382935;-2.541929244995117;-0.23846928775310516;1.2229690551757812;-2.48449969291687;-0.2377418875694275;1.334341287612915;-2.4654366970062256;-0.23909251391887665
101;1.2607502937316895;-2.407451629638672;-0.2382238507270813;1.2799420356750488;-2.5180487632751465;-0.23834672570228577;1.216719150543213;-2.4607651233673096;-0.23781906068325043;1.328050971031189;-2.4414448738098145;-0.23879633843898773
102;1.2560877799987793;-2.385369062423706;-0.24677269160747528;1.2754780054092407;-2.495931625366211;-0.24686691164970398;1.2121515274047852;-2.4387617111206055;-0.24646633863449097;1.3234503269195557;-2.4192416667938232;-0.24720698595046997
103;1.2509150505065918;-2.3675122261047363;-0.24673502147197723;1.2704403400421143;-2.478050947189331;-0.24680979549884796;1.2070435285568237;-2.4209582805633545;-0.24649403989315033;1.318319320678711;-2.4013023376464844;-0.24707725644111633
104;1.2407855987548828;-2.340550422668457;-0.23768366873264313;1.2604597806930542;-2.451061487197876;-0.23824740946292877;1.1970999240875244;-2.394052267074585;-0.2344658374786377;1.3081045150756836;-2.3742523193359375;-0.24187827110290527
105;1.2305558919906616;-2.316925048828125;-0.2362818866968155;1.2501565217971802;-2.42741322517395;-0.23915094137191772;1.187619924545288;-2.370476722717285;-0.227916419506073;1.2969471216201782;-2.3505499362945557;-0.24839769303798676
106;1.2191797494888306;-2.2994496822357178;-0.23538120090961456;1.239165186882019;-2.4098339080810547;-0.2393755167722702;1.1774370670318604;-2.3532092571258545;-0.22318607568740845;1.2845278978347778;-2.3327455520629883;-0.2528811991214752
107;1.2016077041625977;-2.278167486190796;-0.24315357208251953;1.2228665351867676;-2.388247013092041;-0.24868974089622498;1.1618239879608154;-2.3325233459472656;-0.22753490507602692;1.2657971382141113;-2.3105130195617676;-0.2659291923046112
108;1.1713894605636597;-2.2570436000823975;-0.2330155372619629;1.1950491666793823;-2.366558074951172;-0.23986166715621948;1.1337894201278687;-2.312382698059082;-0.21554921567440033;1.2351341247558594;-2.2877683639526367;-0.2590506970882416
109;1.1353414058685303;-2.2357177734375;-0.24167537689208984;1.1629257202148438;-2.3442630767822266;-0.24923278391361237;1.099711537361145;-2.2924911975860596;-0.22468799352645874;1.2002021074295044;-2.263953924179077;-0.267772376537323
110;1.084761142730713;-2.214832067489624;-0.23261059820652008;1.1175161600112915;-2.321967601776123;-0.23962311446666718;1.0496912002563477;-2.2734169960021973;-0.22169436514377594;1.1534382104873657;-2.2397639751434326;-0.25124114751815796
111;1.0330311059951782;-2.1961796283721924;-0.23285287618637085;1.0712647438049316;-2.3015191555023193;-0.23931783437728882;1.000111699104309;-2.2565343379974365;-0.2254457175731659;1.1039572954177856;-2.217522144317627;-0.2469671219587326
112;0.97169429063797;-2.1769115924835205;-0.23317810893058777;1.0160632133483887;-2.2798614501953125;-0.2389049232006073;0.941858172416687;-2.2391035556793213;-0.22835877537727356;1.0443614721298218;-2.194075107574463;-0.24367332458496094
113;0.9232404232025146;-2.162607192993164;-0.23347324132919312;0.9715963006019592;-2.2637829780578613;-0.23849715292453766;0.8956279754638672;-2.2259039878845215;-0.22996366024017334;0.9967852830886841;-2.176966667175293;-0.24185258150100708
114;0.8572074174880981;-2.1435320377349854;-0.23390117287635803;0.909949004650116;-2.242536783218384;-0.23795966804027557;0.8322120308876038;-2.2079620361328125;-0.23160512745380402;0.9315205812454224;-2.154712438583374;-0.24004903435707092
115;0.7941843271255493;-2.125607490539551;-0.23426954448223114;0.850246012210846;-2.222801685333252;-0.2374979555606842;0.7712897062301636;-2.190835475921631;-0.23271502554416656;0.8689414262771606;-2.1343061923980713;-0.23884660005569458
116;0.7305024266242981;-2.1065001487731934;-0.24437962472438812;0.7894272208213806;-2.2020068168640137;-0.2469126284122467;0.7095039486885071;-2.172372579574585;-0.24332116544246674;0.8055451512336731;-2.112999439239502;-0.2477850317955017
117;0.6574665904045105;-2.087151050567627;-0.23486745357513428;0.7187084555625916;-2.181204080581665;-0.2367476373910904;0.6380526423454285;-2.153512716293335;-0.23417112231254578;0.7326825261116028;-2.0918326377868652;-0.23729225993156433
118;0.6056622266769409;-2.0726490020751953;-0.23500876128673553;0.6683434844017029;-2.1657555103302;-0.23652972280979156;0.5872588157653809;-2.1392996311187744;-0.23448684811592102;0.6809556484222412;-2.076180934906006;-0.23692260682582855
119;0.5451636910438538;-2.0545411109924316;-0.24500496685504913;0.6093523502349854;-2.146620035171509;-0.24618463218212128;0.5278388857841492;-2.12148118019104;-0.24463069438934326;0.6205148696899414;-2.0568525791168213;-0.2464541643857956
120;0.47118911147117615;-2.034999132156372;-0.23527516424655914;0.5366967916488647;-2.126147985458374;-0.23613180220127106;0.45482391119003296;-2.1021807193756104;-0.2350224405527115;0.5465725660324097;-2.0362298488616943;-0.23630554974079132
121;0.4059094488620758;-2.01669979095459;-0.23535504937171936;0.4724296033382416;-2.107113838195801;-0.23599760234355927;0.3902917504310608;-2.084059238433838;-0.23517651855945587;0.48130515217781067;-2.0170915126800537;-0.2361152172088623
122;0.3405076563358307;-1.9983940124511719;-0.23540954291820526;0.4079626500606537;-2.088113784790039;-0.23589232563972473;0.3255884349346161;-2.0659117698669434;-0.235281839966774;0.41590505838394165;-1.99800443649292;-0.2359732836484909
123;0.2745298743247986;-1.9804668426513672;-0.23544195294380188;0.3438414931297302;-2.068760871887207;-0.23580855131149292;0.2610212564468384;-2.048280954360962;-0.23535649478435516;0.34990379214286804;-1.9785053730010986;-0.23585675656795502
124;0.20334678888320923;-1.9619958400726318;-0.23545929789543152;0.2760787606239319;-2.047494649887085;-0.2357393056154251;0.19251634180545807;-2.0302889347076416;-0.23540961742401123;0.2785857021808624;-1.9570704698562622;-0.23575817048549652
125;0.14947551488876343;-1.9486336708068848;-0.2354583442211151;0.22565728425979614;-2.031073808670044;-0.23569123446941376;0.14145857095718384;-2.0173139572143555;-0.23542889952659607;0.22444896399974823;-1.9406228065490723;-0.23569324612617493
126;0.08621646463871002;-1.9326488971710205;-0.24540948867797852;0.16755296289920807;-2.010007858276367;-0.24559901654720306;0.08264239132404327;-2.0017030239105225;-0.2453988790512085;0.16051791608333588;-1.9198229312896729;-0.24558524787425995
127;0.013569130562245846;-1.9163180589675903;-0.24541929364204407;0.1010279431939125;-1.9866814613342285;-0.24556857347488403;0.01572122611105442;-1.98543119430542;-0.2454225867986679;0.08655460178852081;-1.8973878622055054;-0.24554426968097687
128;-0.05915527045726776;-1.9016727209091187;-0.2354544848203659;0.03418689966201782;-1.9640209674835205;-0.23557069897651672;-0.05089586228132248;-1.970324158668518;-0.23546554148197174;0.011868810281157494;-1.8763583898544312;-0.23554199934005737
129;-0.13174167275428772;-1.8868966102600098;-0.2354498654603958;-0.03242288902401924;-1.9392019510269165;-0.23554007709026337;-0.11638917773962021;-1.9543174505233765;-0.2354649305343628;-0.0637345165014267;-1.8543349504470825;-0.23551034927368164
130;-0.18591472506523132;-1.8755085468292236;-0.24543040990829468;-0.0822637751698494;-1.9185961484909058;-0.24550466239452362;-0.16451436281204224;-1.9412599802017212;-0.24544697999954224;-0.12113887816667557;-1.8369165658950806;-0.24547536671161652
131;-0.2576644718647003;-1.861987590789795;-0.24543075263500214;-0.14966163039207458;-1.8925727605819702;-0.2454867660999298;-0.22867195308208466;-1.924762487411499;-0.2454470843076706;-0.19788259267807007;-1.8160380125045776;-0.24546027183532715
132;-0.32869046926498413;-1.8490108251571655;-0.24542969465255737;-0.21773746609687805;-1.866025447845459;-0.2454710751771927;-0.2921682596206665;-1.9077253341674805;-0.24544456601142883;-0.2750401198863983;-1.7960309982299805;-0.2454482764005661
133;-0.39884769916534424;-1.8364380598068237;-0.24542783200740814;-0.2866289019584656;-1.8390865325927734;-0.24545785784721375;-0.3550988733768463;-1.8899853229522705;-0.24544064700603485;-0.35243284702301025;-1.7770167589187622;-0.24543897807598114
134;-0.4551341235637665;-1.826411247253418;-0.2454247623682022;-0.3432779312133789;-1.817016839981079;-0.2454475313425064;-0.40589821338653564;-1.8749608993530273;-0.24543580412864685;-0.4153553545475006;-1.762357473373413;-0.24543170630931854
135;-0.5279923677444458;-1.8140771389007568;-0.23539355397224426;-0.4184224307537079;-1.7896947860717773;-0.23540905117988586;-0.4726630747318268;-1.8555489778518677;-0.23540227115154266;-0.4972083270549774;-1.7452470064163208;-0.2353968620300293
136;-0.582714855670929;-1.8040708303451538;-0.23538215458393097;-0.47655215859413147;-1.7676080465316772;-0.2353934496641159;-0.5231013298034668;-1.8391060829162598;-0.23538930714130402;-0.5598077774047852;-1.7322341203689575;-0.23538364470005035
137;-0.6622435450553894;-1.7905939817428589;-0.21528764069080353;-0.5626500248908997;-1.7388136386871338;-0.21529458463191986;-0.5980994701385498;-1.8164161443710327;-0.2152928113937378;-0.6502257585525513;-1.71615731716156;-0.2152877002954483
138;-0.717952311038971;-1.777038335800171;-0.245406836271286;-0.6272665858268738;-1.710885763168335;-0.24541126191616058;-0.6506572365760803;-1.7929327487945557;-0.24541075527668;-0.7172518968582153;-1.7016410827636719;-0.2454061210155487
139;-0.7677368521690369;-1.7692475318908691;-0.21524375677108765;-0.682668924331665;-1.6960114240646362;-0.21524691581726074;-0.6993809938430786;-1.7796746492385864;-0.21524690091609955;-0.7731062769889832;-1.6940383911132812;-0.2152428776025772
140;-0.8386626243591309;-1.7513470649719238;-0.2353348284959793;-0.7670423984527588;-1.6649142503738403;-0.23533637821674347;-0.7695256471633911;-1.7501941919326782;-0.23533691465854645;-0.8565358519554138;-1.6780953407287598;-0.23533378541469574
141;-0.8907532095909119;-1.7385190725326538;-0.23532134294509888;-0.8276095390319824;-1.645713210105896;-0.2353222370147705;-0.8220335841178894;-1.730846881866455;-0.23532287776470184;-0.9154595732688904;-1.6672812700271606;-0.23532035946846008
142;-0.9507359266281128;-1.7218246459960938;-0.24538330733776093;-0.8971991539001465;-1.623164176940918;-0.24538373947143555;-0.8831294178962708;-1.7073121070861816;-0.2453843653202057;-0.9824489951133728;-1.6534175872802734;-0.24538244307041168
143;-1.0199135541915894;-1.7030657529830933;-0.24537862837314606;-0.9752309322357178;-1.6000922918319702;-0.2453787922859192;-0.9538394808769226;-1.6826828718185425;-0.24537932872772217;-1.0575008392333984;-1.6377016305923462;-0.24537795782089233
144;-1.0777679681777954;-1.6881765127182007;-0.2352905571460724;-1.0389292240142822;-1.582859754562378;-0.23529061675071716;-1.012940526008606;-1.664121150970459;-0.23529104888439178;-1.118960976600647;-1.6250230073928833;-0.2352900505065918
145;-1.1351470947265625;-1.6709110736846924;-0.2448141872882843;-1.1023492813110352;-1.5635651350021362;-0.24592018127441406;-1.071790099143982;-1.64321768283844;-0.24525901675224304;-1.1798583269119263;-1.6101990938186646;-0.24525588750839233
146;-1.2027392387390137;-1.6562501192092896;-0.209280863404274;-1.17487633228302;-1.5481210947036743;-0.22076329588890076;-1.1407312154769897;-1.6260075569152832;-0.21393264830112457;-1.25015389919281;-1.5978001356124878;-0.21382810175418854
147;-1.2738429307937622;-1.6380552053451538;-0.22162564098834991;-1.25274658203125;-1.531065821647644;-0.2482393980026245;-1.21389901638031;-1.6054208278656006;-0.23271438479423523;-1.3247178792953491;-1.583344578742981;-0.23181140422821045
148;-1.325467824935913;-1.6300362348556519;-0.22725284099578857;-1.3085477352142334;-1.5247658491134644;-0.26235148310661316;-1.2668946981430054;-1.5964068174362183;-0.2420683205127716;-1.378366470336914;-1.5779556035995483;-0.24046526849269867
149;-1.3970420360565186;-1.6300013065338135;-0.20390227437019348;-1.38396155834198;-1.5260215997695923;-0.24411630630493164;-1.3397701978683472;-1.5952630043029785;-0.22106118500232697;-1.4517544507980347;-1.5803121328353882;-0.21882814168930054
150;-1.4655576944351196;-1.637995719909668;-0.22429823875427246;-1.4561887979507446;-1.5336205959320068;-0.2645241618156433;-1.409578800201416;-1.6013648509979248;-0.24178513884544373;-1.5219824314117432;-1.5901464223861694;-0.23885636031627655
151;-1.5458132028579712;-1.6591745615005493;-0.22034576535224915;-1.5387786626815796;-1.5505683422088623;-0.24782729148864746;-1.4906448125839233;-1.6193755865097046;-0.23274435102939606;-1.603318452835083;-1.6113253831863403;-0.22977082431316376
152;-1.6130356788635254;-1.682511806488037;-0.22367499768733978;-1.608024001121521;-1.5723304748535156;-0.24453185498714447;-1.5586074590682983;-1.640965223312378;-0.23330338299274445;-1.6714332103729248;-1.6353172063827515;-0.23057614266872406
153;-1.6910167932510376;-1.7147092819213867;-0.22661852836608887;-1.688044548034668;-1.6035091876983643;-0.2416435182094574;-1.6373591423034668;-1.671677827835083;-0.23371659219264984;-1.7502862215042114;-1.668346881866455;-0.2314034402370453
154;-1.7550864219665527;-1.7442567348480225;-0.22838439047336578;-1.7535816431045532;-1.6326093673706055;-0.2399015575647354;-1.7019972801208496;-1.7002999782562256;-0.2339145988225937;-1.8149670362472534;-1.6985746622085571;-0.23194929957389832
155;-1.838785171508789;-1.7854105234146118;-0.23017632961273193;-1.8402656316757202;-1.6734544038772583;-0.23815709352493286;-1.7868881225585938;-1.7398889064788818;-0.2341422736644745;-1.8998676538467407;-1.7412651777267456;-0.23249240219593048
156;-1.8975293636322021;-1.815603256225586;-0.2311367392539978;-1.9021979570388794;-1.7036160230636597;-0.2372296154499054;-1.8469496965408325;-1.7685599327087402;-0.23427659273147583;-1.959844946861267;-1.7731847763061523;-0.23277577757835388
157;-1.9899495840072632;-1.8647109270095825;-0.23221758008003235;-2.0013513565063477;-1.753112554550171;-0.23620471358299255;-1.942293643951416;-1.8146581649780273;-0.23442649841308594;-2.0547056198120117;-1.8260961771011353;-0.23311243951320648
158;-2.0477840900421143;-1.8963695764541626;-0.24332888424396515;-2.0648741722106934;-1.7854695320129395;-0.2463533729314804;-2.002748489379883;-1.8439301252365112;-0.24510623514652252;-2.114428758621216;-1.8611074686050415;-0.2438904345035553
159;-2.124718189239502;-1.9386177062988281;-0.23321262001991272;-2.1492996215820312;-1.82911217212677;-0.23529815673828125;-2.0833537578582764;-1.8832083940505981;-0.23341679573059082;-2.193596363067627;-1.9079813957214355;-0.23477685451507568
160;-2.194586753845215;-1.9779860973358154;-0.24390415847301483;-2.2280220985412598;-1.8708463907241821;-0.24570956826210022;-2.158334732055664;-1.919423222541809;-0.23778584599494934;-2.2652132511138916;-1.953025221824646;-0.2525126338005066
161;-2.2704479694366455;-2.021209955215454;-0.23275132477283478;-2.3134231567382812;-1.9175488948822021;-0.23550942540168762;-2.240568161010742;-1.9598051309585571;-0.22189311683177948;-2.3419625759124756;-2.002525806427002;-0.24764399230480194
162;-2.324422597885132;-2.0527923107147217;-0.2321069836616516;-2.3753836154937744;-1.952860951423645;-0.23620067536830902;-2.29948353767395;-1.9891096353530884;-0.22191764414310455;-2.39713454246521;-2.0399513244628906;-0.2473812997341156
163;-2.3841664791107178;-2.088142156600952;-0.2317979782819748;-2.44358491897583;-1.9930390119552612;-0.23678994178771973;-2.3641984462738037;-2.0222291946411133;-0.22563163936138153;-2.4584479331970215;-2.0820372104644775;-0.24321137368679047
164;-2.4456627368927;-2.1249613761901855;-0.23201747238636017;-2.5124337673187256;-2.0348541736602783;-0.2367504984140396;-2.4306411743164062;-2.057572841644287;-0.22822710871696472;-2.520587921142578;-2.124868154525757;-0.24046939611434937
165;-2.505398750305176;-2.161297559738159;-0.24288256466388702;-2.5782341957092285;-2.0759851932525635;-0.24699069559574127;-2.4948837757110596;-2.092996597290039;-0.24050137400627136;-2.5803637504577637;-2.1663928031921387;-0.2491713911294937
166;-2.553292989730835;-2.1906771659851074;-0.2432166188955307;-2.6298136711120605;-2.108625888824463;-0.24671468138694763;-2.545706033706665;-2.1219682693481445;-0.2415478676557541;-2.628063201904297;-2.199056386947632;-0.2481580227613449
167;-2.611544370651245;-2.2267637252807617;-0.2436041533946991;-2.691709041595459;-2.1482396125793457;-0.2463734894990921;-2.60701322555542;-2.157773733139038;-0.24256131052970886;-2.6859376430511475;-2.2385106086730957;-0.24719548225402832
168;-2.647629737854004;-2.2493011951446533;-0.24381878972053528;-2.729665994644165;-2.1727211475372314;-0.24618640542030334;-2.6447386741638184;-2.1802194118499756;-0.2430320829153061;-2.721747636795044;-2.262830972671509;-0.2467683106660843
169;-2.708658456802368;-2.2875919342041016;-0.23369866609573364;-2.7931742668151855;-2.2137410640716553;-0.23547711968421936;-2.7080190181732178;-2.2184500694274902;-0.23319846391677856;-2.7823216915130615;-2.3035459518432617;-0.23580966889858246
170;-2.7727370262145996;-2.32828688621521;-0.2443847954273224;-2.859541654586792;-2.257129669189453;-0.24568313360214233;-2.7742645740509033;-2.25915789604187;-0.2440832406282425;-2.8458774089813232;-2.346550464630127;-0.24585260450839996
171;-2.8256959915161133;-2.362445116043091;-0.21967922151088715;-2.9134225845336914;-2.2929975986480713;-0.22868888080120087;-2.828317880630493;-2.293414354324341;-0.22270546853542328;-2.8983712196350098;-2.382070541381836;-0.22396598756313324
172;-2.8842358589172363;-2.4023725986480713;-0.23242110013961792;-2.9714627265930176;-2.3362107276916504;-0.2572037875652313;-2.887528896331787;-2.333981990814209;-0.24207156896591187;-2.9557063579559326;-2.424095630645752;-0.24268430471420288
173;-2.9269745349884033;-2.434380292892456;-0.22788266837596893;-3.0131402015686035;-2.370683431625366;-0.26132309436798096;-2.930328369140625;-2.3666133880615234;-0.24121135473251343;-2.9974589347839355;-2.4575114250183105;-0.24137765169143677
174;-2.981182813644409;-2.4823906421661377;-0.21345345675945282;-3.0661630630493164;-2.421415328979492;-0.2542019486427307;-2.98459792137146;-2.4153239727020264;-0.22993512451648712;-3.0505740642547607;-2.507063388824463;-0.22962088882923126
175;-3.0132994651794434;-2.517517328262329;-0.22119301557540894;-3.097130060195923;-2.4585580825805664;-0.26697802543640137;-3.01660418510437;-2.451009511947632;-0.23982207477092743;-3.0818257331848145;-2.543285369873047;-0.23923172056674957
176;-3.054569721221924;-2.5751118659973145;-0.20873799920082092;-3.1378750801086426;-2.5178182125091553;-0.25749969482421875;-3.0580689907073975;-2.5089893341064453;-0.22865793108940125;-3.1224191188812256;-2.6018733978271484;-0.2278575897216797
177;-3.0688159465789795;-2.6038756370544434;-0.23287691175937653;-3.1542677879333496;-2.545708179473877;-0.27663275599479675;-3.073383331298828;-2.537259817123413;-0.2508414685726166;-3.1372859477996826;-2.630451202392578;-0.2499304711818695
178;-3.0960304737091064;-2.686206102371216;-0.22987155616283417;-3.1861870288848877;-2.625800609588623;-0.2585602402687073;-3.1028637886047363;-2.6184353828430176;-0.24177438020706177;-3.1659493446350098;-2.71218204498291;-0.24090953171253204
179;-3.1067769527435303;-2.7365846633911133;-0.2111659049987793;-3.1983346939086914;-2.675649642944336;-0.23362046480178833;-3.1143341064453125;-2.668492317199707;-0.22052507102489471;-3.1770708560943604;-2.7624735832214355;-0.21975591778755188
180;-3.1156349182128906;-2.822608470916748;-0.22576649487018585;-3.2085399627685547;-2.7615060806274414;-0.24110285937786102;-3.123997926712036;-2.7542724609375;-0.2322056144475937;-3.186162233352661;-2.8486344814300537;-0.23157945275306702
181;-3.1203126907348633;-2.891934633255005;-0.20593802630901337;-3.2138020992279053;-2.830838918685913;-0.21721269190311432;-3.1290524005889893;-2.82350754737854;-0.21069151163101196;-3.190910577774048;-2.9180712699890137;-0.21018879115581512
182;-3.1183671951293945;-2.9567956924438477;-0.24014031887054443;-3.212242364883423;-2.895867347717285;-0.24881568551063538;-3.127406358718872;-2.888340950012207;-0.24381287395954132;-3.188952684402466;-2.9831085205078125;-0.24339383840560913
183;-3.1165521144866943;-3.0552916526794434;-0.24162475764751434;-3.2107760906219482;-2.9945590496063232;-0.24741114675998688;-3.1258766651153564;-2.986820936203003;-0.24408484995365143;-3.1871092319488525;-3.081791639328003;-0.24378268420696259
184;-3.1173336505889893;-3.1127350330352783;-0.20954860746860504;-3.211676836013794;-3.052083969116211;-0.2141137719154358;-3.126760721206665;-3.0442616939544678;-0.21149307489395142;-3.187875509262085;-3.139308452606201;-0.21124698221683502
185;-3.113591194152832;-3.1932668685913086;-0.22117286920547485;-3.2080910205841064;-3.13277530670166;-0.22443419694900513;-3.1231689453125;-3.12480092048645;-0.2225656658411026;-3.1840946674346924;-3.2199690341949463;-0.22238193452358246
186;-3.109591007232666;-3.2691152095794678;-0.23252767324447632;-3.2041995525360107;-3.208754539489746;-0.23494872450828552;-3.119279623031616;-3.2006587982177734;-0.2335636019706726;-3.180060386657715;-3.2959201335906982;-0.2334229201078415
187;-3.105299949645996;-3.3451597690582275;-0.24372510612010956;-3.19999361038208;-3.284910202026367;-0.24551476538181305;-3.1150784492492676;-3.27671217918396;-0.24449239671230316;-3.175739288330078;-3.3720498085021973;-0.24438513815402985
188;-3.102207660675049;-3.4249696731567383;-0.23318837583065033;-3.196964979171753;-3.3648080825805664;-0.23447851836681366;-3.1120545864105225;-3.35653018951416;-0.2337423712015152;-3.1726231575012207;-3.4519264698028564;-0.23366321623325348
189;-3.099905252456665;-3.470315456390381;-0.23332789540290833;-3.194694757461548;-3.4101998805999756;-0.23440800607204437;-3.1097874641418457;-3.4018800258636475;-0.2337919920682907;-3.1703081130981445;-3.4973068237304688;-0.23372507095336914
190;-3.094906806945801;-3.5661206245422363;-0.23354686796665192;-3.189753293991089;-3.506089448928833;-0.23428106307983398;-3.1048524379730225;-3.4976937770843506;-0.23386283218860626;-3.16528582572937;-3.593175172805786;-0.2338162511587143
191;-3.08956241607666;-3.6418113708496094;-0.24433457851409912;-3.184739828109741;-3.5823071002960205;-0.24504819512367249;-3.09995436668396;-3.5735108852386475;-0.24146024882793427;-3.159712553024292;-3.669175386428833;-0.24826264381408691
192;-3.083767890930176;-3.7151124477386475;-0.24347271025180817;-3.179858684539795;-3.6571340560913086;-0.24573524296283722;-3.0957319736480713;-3.6474997997283936;-0.23530878126621246;-3.1528944969177246;-3.743000030517578;-0.254832923412323
193;-3.0756468772888184;-3.7939863204956055;-0.23187598586082458;-3.17350697517395;-3.7391209602355957;-0.23552744090557098;-3.0905888080596924;-3.7277135848999023;-0.21899497509002686;-3.1428682804107666;-3.8230161666870117;-0.24987052381038666
194;-3.063767910003662;-3.8636507987976074;-0.23073390126228333;-3.1639301776885986;-3.81327486038208;-0.2361939400434494;-3.082552194595337;-3.7990128993988037;-0.21491004526615143;-3.1285486221313477;-3.894669771194458;-0.2536802887916565
195;-3.0482451915740967;-3.9237959384918213;-0.24020475149154663;-3.1509950160980225;-3.8792335987091064;-0.24773429334163666;-3.071549892425537;-3.8611724376678467;-0.22241562604904175;-3.11004900932312;-3.9575107097625732;-0.26720160245895386
196;-3.033474922180176;-3.9694631099700928;-0.22898711264133453;-3.138564348220825;-3.9308297634124756;-0.23696960508823395;-3.060541868209839;-3.9085447788238525;-0.21061283349990845;-3.0929620265960693;-4.006328105926514;-0.2570491433143616
197;-3.011035680770874;-4.020362377166748;-0.2285376638174057;-3.1188433170318604;-3.9904980659484863;-0.23779797554016113;-3.042222499847412;-3.959927558898926;-0.2160370647907257;-3.068120241165161;-4.064237117767334;-0.25093358755111694
198;-2.9896812438964844;-4.058916091918945;-0.2177070826292038;-3.0994577407836914;-4.037402153015137;-0.22700217366218567;-3.024873971939087;-4.000010013580322;-0.20917265117168427;-3.043848752975464;-4.108234405517578;-0.23556242883205414
199;-2.961399793624878;-4.101260662078857;-0.20722998678684235;-3.072781801223755;-4.090303421020508;-0.2158312201499939;-3.001607656478882;-4.0452117919921875;-0.2024221569299698;-3.0111732482910156;-4.156395435333252;-0.22019217908382416
200;-2.928950786590576;-4.142076015472412;-0.2298225313425064;-3.040955066680908;-4.141516208648682;-0.23722189664840698;-2.9739603996276855;-4.0896501541137695;-0.22720050811767578;-2.9737277030944824;-4.20200777053833;-0.23922881484031677
201;-2.9113779067993164;-4.163084983825684;-0.24117586016654968;-3.023360013961792;-4.167107582092285;-0.24780069291591644;-2.9584169387817383;-4.1124396324157715;-0.2392795830965042;-2.953796625137329;-4.224918842315674;-0.2490774542093277
202;-2.8751516342163086;-4.205450534820557;-0.24204595386981964;-2.98671817779541;-4.216766357421875;-0.24703839421272278;-2.925297498703003;-4.157851219177246;-0.24109281599521637;-2.9136314392089844;-4.27006721496582;-0.24745215475559235
203;-2.840724229812622;-4.244088649749756;-0.231872096657753;-2.9516923427581787;-4.26059627532959;-0.23556207120418549;-2.892993688583374;-4.198823928833008;-0.2313869446516037;-2.8762409687042236;-4.310494899749756;-0.23561513423919678
204;-2.8168468475341797;-4.269863128662109;-0.2322642058134079;-2.9273412227630615;-4.289408206939697;-0.23527555167675018;-2.870323657989502;-4.226029396057129;-0.23195670545101166;-2.8505632877349854;-4.337240695953369;-0.2352169305086136
205;-2.789496660232544;-4.299124240875244;-0.22182561457157135;-2.899472951889038;-4.321482181549072;-0.22416064143180847;-2.844064474105835;-4.256655693054199;-0.22164668142795563;-2.8215086460113525;-4.367355823516846;-0.22404663264751434
206;-2.75215744972229;-4.337952613830566;-0.2330305427312851;-2.861410140991211;-4.3636651039123535;-0.23470675945281982;-2.807993173599243;-4.297164440155029;-0.23295386135578156;-2.7820847034454346;-4.407142639160156;-0.23456522822380066
207;-2.725553512573242;-4.365446090698242;-0.23324960470199585;-2.8343522548675537;-4.393035411834717;-0.2345593422651291;-2.7820799350738525;-4.325621604919434;-0.23321130871772766;-2.7542922496795654;-4.435145378112793;-0.23442386090755463
208;-2.693866491317749;-4.397763252258301;-0.24398930370807648;-2.8021581172943115;-4.427276134490967;-0.24541904032230377;-2.7510886192321777;-4.358944892883301;-0.24415268003940582;-2.7213664054870605;-4.467962265014648;-0.24503473937511444
209;-2.6662752628326416;-4.424951553344727;-0.23882760107517242;-2.7736315727233887;-4.455587863922119;-0.25049373507499695;-2.723749876022339;-4.386757850646973;-0.2432071566581726;-2.6926772594451904;-4.495399475097656;-0.24384699761867523
210;-2.6208531856536865;-4.464896202087402;-0.2204378992319107;-2.7252719402313232;-4.496419429779053;-0.24695433676242828;-2.677907705307007;-4.427279949188232;-0.2309776246547699;-2.6452043056488037;-4.535444259643555;-0.2311723232269287
211;-2.5818846225738525;-4.491336345672607;-0.21592992544174194;-2.683694362640381;-4.523171901702881;-0.2508774697780609;-2.6383516788482666;-4.453986644744873;-0.22999180853366852;-2.604661703109741;-4.56184720993042;-0.2298804372549057
212;-2.5237345695495605;-4.520168304443359;-0.21190346777439117;-2.6226558685302734;-4.552255153656006;-0.25415417551994324;-2.5795156955718994;-4.48306941986084;-0.22903260588645935;-2.5448098182678223;-4.590606689453125;-0.2286210060119629
213;-2.4690849781036377;-4.5390849113464355;-0.20956267416477203;-2.566189765930176;-4.571343898773193;-0.25571590662002563;-2.5244505405426025;-4.502157688140869;-0.22833126783370972;-2.4890713691711426;-4.6094746589660645;-0.22775830328464508
214;-2.394171714782715;-4.557197093963623;-0.20736858248710632;-2.4894778728485107;-4.589615821838379;-0.25702568888664246;-2.449134349822998;-4.520440101623535;-0.22759896516799927;-2.4130706787109375;-4.627528190612793;-0.226903036236763
215;-2.318326711654663;-4.5694146156311035;-0.20971740782260895;-2.4156928062438965;-4.603055953979492;-0.25430619716644287;-2.374361038208008;-4.533231258392334;-0.2279425412416458;-2.3377678394317627;-4.640139579772949;-0.22718937695026398
216;-2.200968027114868;-4.582376956939697;-0.2167724221944809;-2.302799940109253;-4.6181206703186035;-0.24763810634613037;-2.2590887546539307;-4.547138690948486;-0.2294796258211136;-2.221858263015747;-4.653826713562012;-0.22876189649105072
217;-2.108898162841797;-4.589393138885498;-0.22036443650722504;-2.212294340133667;-4.626038074493408;-0.24416449666023254;-2.1678249835968018;-4.554579257965088;-0.23020492494106293;-2.13020920753479;-4.661132335662842;-0.22956079244613647
218;-1.9816536903381348;-4.596380710601807;-0.22389012575149536;-2.0861215591430664;-4.633805274963379;-0.24079979956150055;-2.0412042140960693;-4.561947345733643;-0.2309143841266632;-2.0031707286834717;-4.668353080749512;-0.23038634657859802
219;-1.8802294731140137;-4.600407123565674;-0.22589950263500214;-1.9851069450378418;-4.638241291046143;-0.23891416192054749;-1.9400666952133179;-4.5661821365356445;-0.23132231831550598;-1.9017698764801025;-4.672493934631348;-0.23088029026985168
220;-1.751898169517517;-4.604186058044434;-0.22777371108531952;-1.8569855690002441;-4.642498970031738;-0.23719702661037445;-1.8119962215423584;-4.570216655731201;-0.23171836137771606;-1.7733190059661865;-4.676390647888184;-0.23135904967784882
221;-1.6177687644958496;-4.606722831726074;-0.2406376451253891;-1.722678303718567;-4.6460795402526855;-0.2473546862602234;-1.678257703781128;-4.573342800140381;-0.2434852570295334;-1.6385858058929443;-4.679149150848389;-0.24315203726291656
222;-1.5056416988372803;-4.608355522155762;-0.2301127165555954;-1.6100202798843384;-4.649341106414795;-0.23514744639396667;-1.5666680335998535;-4.575916290283203;-0.23229029774665833;-1.525381088256836;-4.681103229522705;-0.2319476306438446
223;-1.3701194524765015;-4.608580112457275;-0.2422654628753662;-1.473002552986145;-4.65332555770874;-0.24587610363960266;-1.4323357343673706;-4.578408241271973;-0.24234861135482788;-1.3871972560882568;-4.681959629058838;-0.24528518319129944
224;-1.233408808708191;-4.606990814208984;-0.23058632016181946;-1.3340320587158203;-4.656563758850098;-0.23477479815483093;-1.2969601154327393;-4.580387115478516;-0.22469358146190643;-1.2469981908798218;-4.680423259735107;-0.24099111557006836
225;-1.1029818058013916;-4.601710796356201;-0.2297663688659668;-1.2002246379852295;-4.657506942749023;-0.23530800640583038;-1.1678190231323242;-4.580330848693848;-0.21879905462265015;-1.1121724843978882;-4.674493789672852;-0.2471866011619568
226;-0.9987149834632874;-4.593770503997803;-0.22876212000846863;-1.0922402143478394;-4.655423641204834;-0.23596909642219543;-1.0645493268966675;-4.577396392822266;-0.21538396179676056;-1.0035487413406372;-4.665838241577148;-0.25039753317832947
227;-0.8780679702758789;-4.579362392425537;-0.23905634880065918;-0.9655229449272156;-4.649176597595215;-0.2478705495595932;-0.9447363615036011;-4.5702080726623535;-0.22315755486488342;-0.8767028450965881;-4.650152206420898;-0.26498329639434814
228;-0.7524895071983337;-4.557068824768066;-0.22660468518733978;-0.8321712017059326;-4.635433197021484;-0.23708762228488922;-0.8195360898971558;-4.555607318878174;-0.20975634455680847;-0.7439811825752258;-4.626370906829834;-0.25506579875946045
229;-0.6338930130004883;-4.528544902801514;-0.2366558015346527;-0.7035074234008789;-4.615665912628174;-0.24945388734340668;-0.7003527879714966;-4.536000728607178;-0.21908427774906158;-0.6173742413520813;-4.595126628875732;-0.2679479420185089
230;-0.5406161546707153;-4.499165058135986;-0.224281445145607;-0.6011368632316589;-4.592620372772217;-0.23854413628578186;-0.6064951419830322;-4.51296854019165;-0.2084488570690155;-0.5169199705123901;-4.563897609710693;-0.2548334300518036
231;-0.4354282021522522;-4.460343837738037;-0.2240477204322815;-0.4835636019706726;-4.560596942901611;-0.23929136991500854;-0.5010125041007996;-4.480532646179199;-0.2155415117740631;-0.4013846218585968;-4.523584365844727;-0.24700337648391724
232;-0.33439961075782776;-4.417564392089844;-0.22478003799915314;-0.37007051706314087;-4.523054599761963;-0.23890607059001923;-0.39793795347213745;-4.444521903991699;-0.2206060290336609;-0.2919585704803467;-4.477523326873779;-0.24177898466587067
233;-0.2664108872413635;-4.383845329284668;-0.2024070918560028;-0.2949042320251465;-4.4917097091674805;-0.214796245098114;-0.3282780051231384;-4.414623737335205;-0.19987250864505768;-0.21970246732234955;-4.441450595855713;-0.21601812541484833
234;-0.1503506600856781;-4.33072566986084;-0.22714373469352722;-0.16668199002742767;-4.441337585449219;-0.23706123232841492;-0.20868819952011108;-4.36784029006958;-0.22645606100559235;-0.09721542149782181;-4.38339900970459;-0.23649367690086365
235;-0.07766268402338028;-4.294368267059326;-0.2280663400888443;-0.08791413903236389;-4.4058451652526855;-0.23631109297275543;-0.13396398723125458;-4.334510803222656;-0.22796429693698883;-0.02162783034145832;-4.344298839569092;-0.2352980524301529
236;0.03684427589178085;-4.235438346862793;-0.2293175905942917;0.03457685932517052;-4.34750509262085;-0.23531493544578552;-0.016513122245669365;-4.279417514801025;-0.22959645092487335;0.09637580811977386;-4.28145694732666;-0.23417113721370697
237;0.06044873967766762;-4.219733715057373;-0.2065347284078598;0.059299588203430176;-4.331845283508301;-0.21198463439941406;0.007523212116211653;-4.264231204986572;-0.20685100555419922;0.12044751644134521;-4.265193462371826;-0.2108727991580963
238;0.1989036500453949;-4.149594783782959;-0.2306586652994156;0.2051975578069687;-4.261607646942139;-0.23435565829277039;0.14902301132678986;-4.197480201721191;-0.23104228079319;0.2618159353733063;-4.191064834594727;-0.23340661823749542
239;0.2947811484336853;-4.097940921783447;-0.2312283217906952;0.3049486577510834;-4.209695816040039;-0.23396849632263184;0.2465800940990448;-4.14751672744751;-0.23157934844493866;0.359100341796875;-4.137240409851074;-0.233188197016716
240;0.3846037983894348;-4.049118995666504;-0.23167113959789276;0.3977660536766052;-4.1605753898620605;-0.23372647166252136;0.3377464711666107;-4.0999674797058105;-0.23196959495544434;0.44995859265327454;-4.086694717407227;-0.23310068249702454
241;0.4684157967567444;-4.003299236297607;-0.2320033609867096;0.48391249775886536;-4.1144633293151855;-0.23357418179512024;0.42263320088386536;-4.055117607116699;-0.2322518229484558;0.5345463752746582;-4.0395050048828125;-0.2330724447965622
242;0.5641785264015198;-3.950695753097534;-0.23230652511119843;0.5818918943405151;-4.061533451080322;-0.23345641791820526;0.5194385647773743;-4.003417491912842;-0.23250222206115723;0.6310202479362488;-3.985579252243042;-0.23307320475578308
243;0.6539105176925659;-3.9011614322662354;-0.2325325310230255;0.6733394265174866;-4.011713981628418;-0.2333848774433136;0.6099923849105835;-3.9545695781707764;-0.23268583416938782;0.7212854623794556;-3.935007333755493;-0.2330913245677948
244;0.7435054779052734;-3.8514606952667236;-0.23272749781608582;0.7645277976989746;-3.9617228507995605;-0.23336094617843628;0.7003623843193054;-3.9054970741271973;-0.23284697532653809;0.8113622069358826;-3.8843324184417725;-0.2331364005804062
245;0.812096357345581;-3.815035581588745;-0.24403084814548492;0.8350743055343628;-3.924907684326172;-0.2445376217365265;0.7699199318885803;-3.8698296546936035;-0.24413183331489563;0.8805266618728638;-3.8466973304748535;-0.24435175955295563
246;0.9000542759895325;-3.765522003173828;-0.24396446347236633;0.9265646934509277;-3.8745944499969482;-0.24466045200824738;0.8597301840782166;-3.821648120880127;-0.24171403050422668;0.969398021697998;-3.7949583530426025;-0.24715836346149445
247;0.9883485436439514;-3.713120937347412;-0.23199550807476044;1.0193254947662354;-3.8209874629974365;-0.23430733382701874;0.951008141040802;-3.770833969116211;-0.2245003879070282;1.0581079721450806;-3.7396883964538574;-0.24262754619121552
248;1.073020100593567;-3.6651065349578857;-0.24187585711479187;1.109811782836914;-3.7710659503936768;-0.246237114071846;1.0402076244354248;-3.7246837615966797;-0.22942131757736206;1.1425789594650269;-3.6878795623779297;-0.2599914073944092
249;1.1532622575759888;-3.615544557571411;-0.24045072495937347;1.1967967748641968;-3.7187869548797607;-0.24722400307655334;1.1257282495498657;-3.6770880222320557;-0.22510375082492828;1.222556471824646;-3.6337075233459473;-0.2639807164669037
