0,743,824,111,52,798,850,0.98
1,742,824,113,53,798,850,0.98
2,743,824,112,53,799,850,0.98
3,743,824,111,53,798,850,0.98
4,742,824,113,53,798,850,0.98
5,743,824,111,53,798,850,0.98
6,743,824,111,53,798,850,0.98
7,743,824,111,53,798,850,0.98
8,743,824,111,53,798,850,0.98
9,743,824,111,53,798,850,0.98
10,743,824,111,53,798,850,0.98
11,743,824,111,53,798,850,0.98
12,743,824,111,53,798,850,0.98
13,743,824,111,53,798,850,0.98
14,743,824,111,53,798,850,0.98
15,743,824,111,53,798,850,0.98
16,743,824,111,53,798,850,0.98
17,743,824,112,53,799,850,0.98
18,743,824,111,53,798,850,0.98
19,743,824,111,53,798,850,0.98
20,742,824,112,53,798,850,0.98
21,742,824,112,53,798,850,0.98
22,742,824,112,53,798,850,0.98
23,742,824,112,53,798,850,0.98
24,742,824,112,52,798,850,0.98
25,742,824,112,52,798,850,0.98
26,742,824,113,52,798,850,0.98
27,743,824,112,52,799,850,0.98
28,743,824,112,53,799,850,0.98
29,743,824,112,53,799,850,0.98
30,742,824,113,53,798,850,0.98
31,743,824,112,53,799,850,0.98
32,743,825,111,52,798,851,0.98
33,742,824,113,53,798,850,0.98
34,742,825,113,52,798,851,0.98
35,742,825,112,52,798,851,0.98
36,742,824,112,53,798,850,0.98
37,742,824,112,53,798,850,0.98
38,742,824,113,53,798,850,0.98
39,742,824,113,53,798,850,0.98
40,742,824,112,53,798,850,0.98
41,742,824,112,53,798,850,0.98
42,742,824,112,53,798,850,0.98
43,742,824,113,53,798,850,0.98
44,742,824,113,53,798,850,0.98
45,743,824,112,53,799,850,0.98
46,742,824,113,53,798,850,0.98
47,742,824,113,53,798,850,0.98
48,743,824,112,53,799,850,0.98
49,743,824,112,53,799,850,0.98
50,742,824,113,53,798,850,0.98
51,742,824,113,53,798,850,0.98
52,742,824,113,53,798,850,0.98
53,742,824,113,53,798,850,0.98
54,742,824,113,53,798,850,0.98
55,742,824,113,53,798,850,0.98
56,742,824,113,53,798,850,0.98
57,742,824,113,53,798,850,0.98
58,742,824,112,53,798,850,0.98
59,742,824,112,52,798,850,0.98
60,742,824,112,52,798,850,0.98
61,742,824,111,52,797,850,0.98
62,741,823,112,52,797,849,0.98
63,740,822,113,53,796,848,0.98
64,739,820,113,53,795,846,0.97
65,738,819,113,52,794,845,0.97
66,737,815,114,53,794,841,0.96
67,736,811,114,54,793,838,0.97
68,736,807,112,54,792,834,0.97
69,734,803,114,54,791,830,0.97
70,732,799,115,54,789,826,0.97
71,731,795,114,54,788,822,0.97
72,729,791,116,54,787,818,0.97
73,729,787,115,54,786,814,0.97
74,728,783,114,52,785,809,0.97
75,727,778,114,53,784,804,0.97
76,726,774,113,53,782,800,0.97
77,725,770,112,52,781,796,0.97
78,722,766,114,53,779,792,0.97
79,720,762,115,53,777,788,0.97
80,719,758,113,53,775,784,0.97
81,717,754,113,52,773,780,0.97
82,715,749,114,53,772,775,0.97
83,714,745,113,51,770,770,0.96
84,711,740,114,51,768,765,0.97
85,710,736,113,51,766,761,0.98
86,708,732,114,51,765,757,0.97
87,705,726,115,53,762,752,0.97
88,703,721,115,53,760,747,0.97
89,701,715,115,53,758,741,0.97
90,699,709,115,53,756,735,0.97
91,696,700,116,55,754,727,0.97
92,694,693,116,54,752,720,0.97
93,691,685,116,54,749,712,0.97
94,690,677,115,55,747,704,0.97
95,688,667,116,57,746,695,0.96
96,688,655,114,60,745,685,0.95
97,687,644,114,64,744,676,0.96
98,686,635,114,64,743,667,0.96
99,686,627,114,64,743,659,0.97
100,686,620,115,66,743,653,0.97
101,686,615,115,65,743,647,0.96
102,686,611,115,64,743,643,0.96
103,687,609,116,60,745,639,0.95
104,689,607,115,58,746,636,0.96
105,690,604,116,57,748,632,0.97
106,691,602,116,56,749,630,0.97
107,692,600,116,57,750,628,0.97
108,693,600,116,57,751,628,0.97
109,695,601,116,57,753,629,0.97
110,696,602,117,59,754,631,0.97
111,697,602,117,63,755,633,0.96
112,700,602,115,67,757,635,0.96
113,702,603,116,69,760,637,0.96
114,704,606,116,71,762,641,0.96
115,709,610,115,70,766,645,0.96
116,713,615,115,68,770,649,0.96
117,717,620,116,68,775,654,0.97
118,724,624,114,67,781,657,0.96
119,728,628,116,66,786,661,0.97
120,735,633,116,64,793,665,0.96
121,741,637,117,62,799,668,0.97
122,750,640,114,59,807,669,0.96
123,758,640,114,58,815,669,0.96
124,763,638,118,59,822,667,0.96
125,772,637,115,56,829,665,0.96
126,780,635,114,56,837,663,0.96
127,787,631,116,56,845,659,0.96
128,794,626,115,56,851,654,0.96
129,801,621,117,56,859,649,0.97
130,809,613,115,56,866,641,0.97
131,816,605,115,56,873,633,0.97
132,823,599,113,54,879,626,0.96
133,829,591,112,53,885,617,0.97
134,835,582,111,54,890,609,0.96
135,839,573,113,54,895,600,0.96
136,845,561,114,56,902,589,0.96
137,851,551,113,57,907,579,0.96
138,855,541,114,59,912,570,0.96
139,861,531,113,61,917,561,0.96
140,869,526,111,59,924,555,0.96
141,874,518,110,60,929,548,0.96
142,877,513,111,59,932,542,0.96
143,883,509,111,59,938,538,0.96
144,890,505,109,58,944,534,0.97
145,895,503,108,57,949,531,0.96
146,900,500,108,58,954,529,0.97
147,904,498,109,60,958,528,0.96
148,908,498,109,59,962,527,0.96
149,913,498,109,58,967,527,0.97
150,918,499,108,58,972,528,0.97
151,923,501,106,56,976,529,0.96
152,927,503,106,56,980,531,0.97
153,930,505,106,56,983,533,0.97
154,935,508,104,55,987,535,0.96
155,939,509,103,56,990,537,0.96
156,941,510,103,57,992,538,0.96
157,941,513,105,56,993,541,0.96
158,943,514,105,56,995,542,0.96
159,945,514,105,57,997,542,0.96
160,945,515,107,57,998,543,0.96
161,946,516,107,57,999,544,0.96
162,947,516,107,58,1000,545,0.96
163,948,515,107,59,1001,544,0.96
164,949,515,107,59,1002,544,0.96
165,949,515,108,60,1003,545,0.96
166,950,515,109,60,1004,545,0.96
167,950,514,110,61,1005,544,0.96
168,951,514,110,61,1006,544,0.96
169,952,514,109,61,1006,544,0.96
170,951,513,111,61,1006,543,0.96
171,952,512,111,62,1007,543,0.96
172,952,511,112,63,1008,542,0.96
173,953,511,111,62,1008,542,0.95
174,953,510,112,63,1009,541,0.91
175,953,509,113,63,1009,540,0.91
176,955,507,111,66,1010,540,0.95
177,954,505,112,67,1010,538,0.96
178,954,504,112,68,1010,538,0.96
179,954,503,112,68,1010,537,0.96
180,954,502,112,69,1010,536,0.96
181,953,502,113,67,1009,535,0.96
182,951,501,113,68,1007,535,0.96
183,949,501,113,68,1005,535,0.96
184,946,502,113,67,1002,535,0.96
185,942,501,115,68,999,535,0.96
186,939,503,114,66,996,536,0.96
187,936,504,114,66,993,537,0.96
188,932,505,115,65,989,537,0.95
189,926,506,116,65,984,538,0.95
190,921,506,117,65,979,538,0.96
191,915,506,118,66,974,539,0.96
192,910,507,118,66,969,540,0.96
193,903,508,120,66,963,541,0.9
194,898,508,118,66,957,541,0.96
195,892,508,117,67,950,541,0.96
196,885,510,117,66,943,543,0.96
197,875,509,121,68,935,543,0.96
198,871,510,118,68,930,544,0.96
199,865,510,117,68,923,544,0.96
200,858,511,118,68,917,545,0.96
201,852,511,120,68,912,545,0.96
202,847,512,118,69,906,546,0.96
203,843,511,116,72,901,547,0.95
204,836,513,117,70,894,548,0.95
205,830,512,118,72,889,548,0.95
206,826,513,118,71,885,548,0.95
207,822,513,118,72,881,549,0.96
208,819,514,116,72,877,550,0.96
209,816,514,116,72,874,550,0.96
210,815,516,114,70,872,551,0.96
211,814,518,115,70,871,553,0.96
212,815,519,113,70,871,554,0.96
213,815,521,112,68,871,555,0.96
214,816,523,112,66,872,556,0.96
215,817,524,111,66,872,557,0.96
216,817,528,112,62,873,559,0.97
217,818,530,111,60,873,560,0.97
218,819,533,111,57,874,561,0.97
219,820,535,110,55,875,562,0.96
220,821,537,110,53,876,563,0.96
221,821,538,111,53,876,564,0.95
222,822,539,110,53,877,565,0.95
223,823,539,109,53,877,565,0.96
224,824,539,108,52,878,565,0.95
225,824,538,107,53,877,564,0.95
226,824,536,105,55,876,563,0.96
227,822,534,104,57,874,562,0.96
228,818,534,104,58,870,563,0.96
229,814,532,105,61,866,562,0.96
230,810,531,104,61,862,561,0.96
231,806,530,102,63,857,561,0.96
232,800,530,101,62,850,561,0.96
233,789,531,106,60,842,561,0.95
234,781,535,105,54,833,562,0.96
235,773,536,106,52,826,562,0.97
236,765,533,106,54,818,560,0.95
237,755,531,105,55,807,558,0.96
238,749,526,102,59,800,555,0.95
239,738,518,107,68,791,552,0.95
240,733,512,103,72,784,548,0.96
241,731,510,100,74,781,547,0.96
242,728,508,98,75,777,545,0.96
243,726,507,97,75,774,544,0.95
244,725,505,96,77,773,543,0.95
245,726,504,95,77,773,542,0.95
246,728,503,94,76,775,541,0.95
247,730,504,98,76,779,542,0.95
248,732,505,100,76,782,543,0.96
249,733,508,106,73,786,544,0.96
250,742,515,104,66,794,548,0.95
251,749,525,103,55,800,552,0.95
252,754,531,106,51,807,556,0.95
253,762,532,104,50,814,557,0.96
254,770,535,101,48,820,559,0.95
255,778,536,101,47,828,559,0.95
256,784,536,99,49,833,560,0.96
257,790,536,101,50,840,561,0.96
258,797,538,99,49,846,562,0.95
259,803,539,99,49,852,563,0.95
260,808,540,99,50,857,565,0.95
261,813,539,98,51,862,564,0.95
262,817,538,96,53,865,564,0.95
263,820,537,95,54,867,564,0.95
264,822,535,94,55,869,562,0.95
265,823,535,93,55,869,562,0.95
266,822,535,93,55,868,562,0.95
267,820,537,94,54,867,564,0.95
268,815,540,98,50,864,565,0.95
269,812,542,98,49,861,566,0.95
270,807,544,99,47,856,567,0.96
271,804,543,98,47,853,566,0.95
272,799,542,99,48,848,566,0.95
273,794,541,100,49,844,565,0.94
274,789,542,101,48,839,566,0.95
275,784,540,99,50,833,565,0.95
276,780,538,100,51,830,563,0.95
277,775,537,98,52,824,563,0.96
278,768,538,101,50,818,563,0.96
279,762,536,101,52,812,562,0.96
280,753,537,102,50,804,562,0.96
281,747,537,103,49,798,561,0.96
282,741,534,103,51,792,559,0.96
283,733,530,102,56,784,558,0.95
284,725,527,103,58,776,556,0.97
285,716,523,105,59,768,552,0.96
286,709,521,103,59,760,550,0.96
287,699,515,104,62,751,546,0.96
288,689,516,106,57,742,544,0.96
289,679,515,106,56,732,543,0.96
290,668,511,102,58,719,540,0.95
291,659,505,103,62,710,536,0.96
292,648,502,102,62,699,533,0.96
293,639,500,102,62,690,531,0.96
294,624,497,109,65,678,529,0.96
295,615,495,109,65,669,527,0.96
296,606,492,108,66,660,525,0.96
297,594,483,109,75,648,520,0.95
298,588,478,106,76,641,516,0.94
299,585,472,101,75,635,509,0.94
300,577,468,101,79,627,507,0.92
301,572,466,104,81,624,506,0.94
302,572,465,105,81,624,505,0.94
303,573,465,104,80,625,505,0.94
304,575,466,106,78,628,505,0.93
305,585,469,102,73,636,505,0.94
306,594,474,99,71,643,509,0.92
307,592,476,110,74,647,513,0.95
308,601,482,111,69,656,516,0.95
309,609,488,111,65,664,520,0.96
310,617,491,112,63,673,522,0.96
311,626,494,111,62,681,525,0.97
312,635,497,109,59,689,526,0.97
313,643,499,106,59,696,528,0.96
314,652,500,108,61,706,530,0.97
315,659,503,105,60,711,533,0.96
316,666,506,103,60,717,536,0.95
317,672,510,103,59,723,539,0.94
318,678,513,106,58,731,542,0.95
319,685,519,105,55,737,546,0.97
320,690,520,107,56,743,548,0.96
321,696,522,106,56,749,550,0.96
322,702,522,107,61,755,552,0.96
323,708,527,106,59,761,556,0.96
324,714,526,106,62,767,557,0.96
325,721,521,105,69,773,555,0.96
326,730,521,101,69,780,555,0.96
327,738,520,99,70,787,555,0.95
328,747,520,98,71,796,555,0.95
329,756,520,99,71,805,555,0.94
330,770,524,98,67,819,557,0.94
331,782,527,98,65,831,559,0.95
332,794,531,100,61,844,561,0.95
333,803,539,102,53,854,565,0.95
334,817,541,103,52,868,567,0.95
335,828,544,99,49,877,568,0.95
336,838,543,104,50,890,568,0.95
337,853,544,98,51,902,569,0.95
338,862,544,100,52,912,570,0.96
339,878,543,94,52,925,569,0.96
340,886,540,93,56,932,568,0.96
341,895,538,90,59,940,567,0.95
342,901,536,90,60,946,566,0.95
343,907,537,87,58,950,566,0.94
344,912,537,86,59,955,566,0.95
345,914,537,86,57,957,565,0.94
346,914,537,88,56,958,565,0.94
347,915,538,89,53,959,564,0.95
348,913,540,94,50,960,565,0.95
349,913,540,96,48,961,564,0.95
350,914,539,96,49,962,563,0.95
351,914,539,95,50,961,564,0.96
352,914,539,95,50,961,564,0.95
353,914,539,93,50,960,564,0.95
354,913,539,93,50,959,564,0.96
355,912,540,94,50,959,565,0.96
356,911,540,94,50,958,565,0.95
357,910,541,94,50,957,566,0.95
358,908,542,96,49,956,566,0.96
359,908,541,93,50,954,566,0.96
360,906,538,93,54,952,565,0.96
361,904,535,92,56,950,563,0.96
362,901,529,92,61,947,559,0.95
363,895,525,93,64,941,557,0.95
364,889,524,93,61,935,554,0.95
365,880,523,98,59,929,552,0.96
366,869,522,104,58,921,551,0.96
367,863,521,103,56,914,549,0.95
368,852,516,108,58,906,545,0.96
369,843,513,107,60,896,543,0.94
370,834,511,109,60,888,541,0.95
371,824,510,107,59,877,539,0.95
372,813,508,110,58,868,537,0.96
373,805,508,108,56,859,536,0.95
374,797,506,106,56,850,534,0.95
375,786,505,106,56,839,533,0.93
376,773,500,112,59,829,529,0.94
377,761,492,114,67,818,525,0.94
378,753,484,111,74,808,521,0.96
379,747,479,108,78,801,518,0.95
380,738,475,109,80,792,515,0.94
381,732,470,109,81,786,510,0.95
382,729,467,107,81,782,507,0.94
383,726,464,110,83,781,505,0.94
384,726,463,109,82,780,504,0.94
385,728,462,109,83,782,503,0.94
386,730,462,111,83,785,503,0.96
387,734,465,113,82,790,506,0.96
388,738,469,118,78,797,508,0.95
389,744,473,120,74,804,510,0.95
390,755,479,116,68,813,513,0.95
391,759,483,119,65,818,515,0.95
392,765,486,120,63,825,517,0.95
393,775,490,116,60,833,520,0.94
394,782,492,117,60,840,522,0.94
395,794,495,113,58,850,524,0.94
396,801,496,113,58,857,525,0.94
397,807,496,114,59,864,525,0.95
398,810,497,114,61,867,527,0.95
399,811,493,116,66,869,526,0.95
400,815,489,114,68,872,523,0.95
401,819,486,113,72,875,522,0.94
402,819,483,114,74,876,520,0.94
403,818,483,114,71,875,518,0.94
404,816,485,113,67,872,518,0.94
405,811,488,116,64,869,520,0.94
406,808,491,116,60,866,521,0.94
407,801,488,120,60,861,518,0.96
408,791,483,124,64,853,515,0.95
409,786,479,121,64,846,511,0.95
410,780,475,124,66,842,508,0.95
411,772,471,127,68,835,505,0.95
412,770,464,121,74,830,501,0.94
413,763,457,125,81,825,497,0.96
414,761,447,121,91,821,492,0.94
415,758,439,120,93,818,485,0.96
416,757,431,119,95,816,478,0.96
417,758,426,117,97,816,474,0.95
418,761,425,115,94,818,472,0.95
419,766,423,121,97,826,471,0.95
420,771,424,121,96,831,472,0.93
421,777,426,127,94,840,473,0.93
422,784,435,132,83,850,476,0.94
423,795,449,131,71,860,484,0.95
424,806,453,131,68,871,487,0.94
425,821,457,122,66,882,490,0.93
426,835,457,117,64,893,489,0.92
427,840,456,120,68,900,490,0.95
428,845,457,125,69,907,491,0.95
429,852,460,127,69,915,494,0.93
430,860,461,129,71,924,496,0.96
431,867,464,130,70,932,499,0.95
432,879,468,127,68,942,502,0.95
433,889,471,124,67,951,504,0.96
434,892,472,129,71,956,507,0.96
435,900,476,129,70,964,511,0.96
436,908,478,128,70,972,513,0.96
437,915,479,129,71,979,514,0.96
438,922,483,128,70,986,518,0.96
439,928,486,130,70,993,521,0.96
440,940,487,123,71,1001,522,0.96
441,944,489,126,72,1007,525,0.96
442,951,491,127,71,1014,526,0.96
443,956,493,128,72,1020,529,0.96
444,961,494,131,73,1026,530,0.97
445,967,496,132,73,1033,532,0.96
446,973,497,132,73,1039,533,0.96
447,979,497,133,74,1045,534,0.96
448,986,496,133,76,1052,534,0.95
449,993,497,130,75,1058,534,0.96
450,997,496,131,75,1062,533,0.96
451,1001,495,131,77,1066,533,0.96
452,1004,493,130,79,1069,532,0.95
453,1007,492,128,81,1071,532,0.95
454,1011,491,126,83,1074,532,0.95
455,1011,491,125,83,1073,532,0.95
456,1009,492,126,82,1072,533,0.95
457,1007,493,128,81,1071,533,0.96
458,1004,494,129,79,1068,533,0.96
459,1000,497,131,77,1065,535,0.96
460,997,502,130,74,1062,539,0.95
461,993,507,129,70,1057,542,0.92
462,989,508,127,71,1052,543,0.96
463,985,510,126,70,1048,545,0.96
464,979,511,125,69,1041,545,0.95
465,973,511,128,70,1037,546,0.96
466,968,512,127,71,1031,547,0.96
467,964,514,126,69,1027,548,0.96
468,960,516,126,68,1023,550,0.96
469,957,517,124,67,1019,550,0.96
470,953,518,123,67,1014,551,0.96
471,950,518,121,68,1010,552,0.96
472,943,516,122,71,1004,551,0.96
473,940,517,119,69,999,551,0.96
474,934,516,117,69,992,550,0.95
475,924,514,121,72,984,550,0.94
476,916,516,119,70,975,551,0.95
477,910,516,118,71,969,551,0.96
478,905,515,114,72,962,551,0.94
479,892,517,116,71,950,552,0.95
480,880,521,117,67,938,554,0.95
481,870,522,117,67,928,555,0.95
482,856,524,120,68,916,558,0.95
483,846,528,117,65,904,560,0.96
484,834,534,118,60,893,564,0.95
485,821,540,115,56,878,568,0.95
486,811,539,115,60,868,569,0.96
487,799,544,116,55,857,571,0.96
488,786,546,114,54,843,573,0.96
489,776,549,112,54,832,576,0.96
490,766,551,110,53,821,577,0.97
491,756,551,109,55,810,578,0.96
492,745,553,109,54,799,580,0.97
493,736,555,108,53,790,581,0.96
494,726,549,106,59,779,578,0.96
495,717,551,104,58,769,580,0.96
496,704,550,105,59,756,579,0.96
497,694,552,104,57,746,580,0.96
498,684,552,103,57,735,580,0.96
499,673,554,103,55,724,581,0.96
500,664,557,100,51,714,582,0.96
501,651,558,102,49,702,582,0.96
502,642,557,101,50,692,582,0.96
503,631,555,102,52,682,581,0.96
504,625,556,98,51,674,581,0.95
505,614,556,99,52,663,582,0.96
506,607,558,95,50,654,583,0.96
507,599,556,95,52,646,582,0.96
508,590,554,95,54,637,581,0.96
509,584,554,94,55,631,581,0.96
510,576,554,95,55,623,581,0.96
511,570,553,95,57,617,581,0.95
512,563,553,95,56,610,581,0.95
513,558,555,93,54,604,582,0.95
514,552,556,93,52,598,582,0.95
515,546,558,95,50,593,583,0.95
516,540,559,96,50,588,584,0.96
517,535,559,96,51,583,584,0.96
518,531,559,96,51,579,584,0.96
519,525,559,100,52,575,585,0.95
520,521,560,97,52,569,586,0.95
521,516,560,98,53,565,586,0.95
522,510,561,99,52,559,587,0.95
523,506,562,99,52,555,588,0.95
524,501,563,100,52,551,589,0.94
525,496,564,100,52,546,590,0.94
526,490,563,101,53,540,589,0.95
527,487,563,100,54,537,590,0.95
528,484,563,98,53,533,589,0.94
529,480,560,98,57,529,588,0.89
530,476,562,98,55,525,589,0.94
531,469,562,101,55,519,589,0.95
532,462,562,104,55,514,589,0.95
533,457,562,105,55,509,589,0.95
534,453,563,106,53,506,589,0.94
535,450,563,105,52,502,589,0.95
536,444,563,107,51,497,588,0.96
537,442,563,104,50,494,588,0.95
538,439,560,104,49,491,584,0.95
539,439,555,101,52,489,581,0.95
540,441,549,93,61,487,579,0.94
541,438,546,93,64,484,578,0.94
542,439,540,92,69,485,574,0.94
543,443,538,89,67,487,571,0.93
544,446,535,90,70,491,570,0.93
545,452,538,91,66,497,571,0.93
546,459,537,90,64,504,569,0.94
547,465,534,92,64,511,566,0.93
548,472,532,97,68,520,566,0.95
549,479,536,102,65,530,568,0.95
550,489,542,103,59,540,571,0.95
551,498,544,103,56,549,572,0.96
552,503,543,108,58,557,572,0.95
553,517,545,102,55,568,572,0.96
554,524,544,106,57,577,572,0.95
555,536,547,102,54,587,574,0.96
556,546,546,100,56,596,574,0.96
557,555,547,101,55,605,574,0.96
558,564,548,101,54,614,575,0.96
559,572,548,98,56,621,576,0.96
560,580,548,99,57,629,576,0.96
561,587,549,99,57,636,577,0.96
562,595,550,98,57,644,578,0.96
563,602,553,98,56,651,581,0.96
564,609,558,99,52,658,584,0.96
565,617,561,97,50,665,586,0.95
566,624,562,97,50,672,587,0.95
567,629,564,99,49,678,588,0.96
568,635,567,99,47,684,590,0.96
569,642,568,98,47,691,591,0.96
570,649,569,97,48,697,593,0.96
571,655,571,96,47,703,594,0.96
572,660,571,97,47,708,594,0.96
573,666,572,96,48,714,596,0.97
574,671,573,96,48,719,597,0.96
575,677,574,96,47,725,597,0.96
576,682,573,96,50,730,598,0.96
577,687,575,96,48,735,599,0.96
578,692,577,95,47,739,600,0.97
579,697,578,94,46,744,601,0.96
580,702,578,94,46,749,601,0.96
581,706,577,96,48,754,601,0.96
582,712,578,93,47,758,601,0.96
583,715,578,95,47,762,601,0.97
584,717,578,96,47,765,601,0.96
585,722,575,95,49,769,599,0.95
586,727,569,92,54,773,596,0.95
587,730,565,91,58,775,594,0.95
588,730,561,91,60,775,591,0.94
589,728,557,92,61,774,587,0.94
590,725,554,90,62,770,585,0.94
591,721,552,91,62,766,583,0.95
592,717,552,92,59,763,581,0.96
593,706,552,99,56,755,580,0.96
594,698,554,101,50,748,579,0.96
595,690,549,102,53,741,575,0.96
596,681,546,104,54,733,573,0.96
597,674,540,102,57,725,568,0.96
598,665,537,103,57,716,565,0.96
599,657,533,103,58,708,562,0.96
600,647,530,104,60,699,560,0.96
601,642,527,103,60,693,557,0.96
602,634,520,102,65,685,552,0.95
603,630,512,101,70,680,547,0.95
604,624,506,99,74,673,543,0.94
605,617,500,101,78,667,539,0.96
606,614,496,100,79,664,535,0.95
607,612,494,102,79,663,533,0.95
608,613,493,101,78,663,532,0.95
609,614,492,105,77,666,530,0.95
610,622,493,102,76,673,531,0.95
611,627,497,105,72,679,533,0.95
612,631,499,107,70,684,534,0.96
613,639,504,104,65,691,536,0.95
614,644,504,109,65,698,536,0.95
615,653,506,106,64,706,538,0.96
616,659,511,104,60,711,541,0.95
617,664,513,104,58,716,542,0.95
618,672,514,108,59,726,543,0.95
619,678,516,108,59,732,545,0.95
620,683,517,109,61,737,547,0.96
621,690,513,109,66,744,546,0.96
622,698,510,109,71,752,545,0.96
623,707,510,106,73,760,546,0.96
624,716,511,104,74,768,548,0.96
625,722,511,107,74,775,548,0.96
626,732,515,106,69,785,549,0.96
627,741,523,107,61,794,553,0.95
628,750,529,108,56,804,557,0.96
629,759,532,109,53,813,558,0.96
630,769,535,107,51,822,560,0.97
631,778,536,105,50,830,561,0.96
632,787,535,106,52,840,561,0.96
633,796,537,107,51,849,562,0.97
634,805,537,107,52,858,563,0.96
635,813,538,108,53,867,564,0.96
636,819,540,108,51,873,565,0.96
637,826,541,108,51,880,566,0.95
638,834,542,108,52,888,568,0.95
639,841,542,107,55,894,569,0.95
640,847,542,107,57,900,570,0.95
641,851,543,107,57,904,571,0.95
642,860,542,102,60,911,572,0.95
643,863,542,101,62,913,573,0.95
644,865,542,102,63,916,573,0.94
645,866,543,102,62,917,574,0.94
646,865,545,104,61,917,575,0.95
647,864,548,104,59,916,577,0.95
648,864,550,104,57,916,578,0.95
649,861,552,105,57,913,580,0.95
650,859,556,105,54,911,583,0.96
651,857,557,106,54,910,584,0.96
652,855,557,107,55,908,584,0.96
653,855,558,105,54,907,585,0.96
654,853,559,107,54,906,586,0.96
655,849,560,108,53,903,586,0.95
656,846,562,107,52,899,588,0.95
657,845,563,106,51,898,588,0.95
658,841,563,105,50,893,588,0.96
659,840,556,101,56,890,584,0.95
660,834,551,101,61,884,581,0.95
661,831,548,98,60,880,578,0.93
662,828,547,96,63,876,578,0.92
663,820,549,97,56,868,577,0.93
664,810,548,99,61,859,578,0.93
665,798,549,103,57,849,577,0.94
666,793,552,97,55,841,579,0.94
667,782,558,100,52,832,584,0.96
668,772,562,101,49,822,586,0.96
669,764,563,100,49,814,587,0.96
670,754,563,98,49,803,587,0.96
671,745,565,99,48,794,589,0.95
672,738,567,95,47,785,590,0.96
673,729,568,96,46,777,591,0.96
674,721,569,94,47,768,592,0.96
675,712,572,93,46,758,595,0.95
676,703,574,94,46,750,597,0.95
677,695,577,94,45,742,599,0.96
678,688,578,92,45,734,600,0.96
679,680,579,93,46,726,602,0.96
680,671,582,94,45,718,604,0.96
681,661,583,95,46,708,606,0.96
682,656,586,92,45,702,608,0.96
683,650,588,90,44,695,610,0.96
684,643,588,89,45,687,610,0.95
685,637,588,89,48,681,612,0.95
686,631,586,89,52,675,612,0.95
687,627,584,85,56,669,612,0.95
688,621,583,87,59,664,612,0.94
689,617,579,85,63,659,610,0.94
690,613,582,86,60,656,612,0.95
691,610,589,87,52,653,615,0.96
692,608,594,87,45,651,616,0.96
693,606,596,85,43,648,617,0.96
694,605,596,85,44,647,618,0.96
695,603,596,86,45,646,618,0.96
696,601,597,85,44,643,619,0.96
697,601,598,84,44,643,620,0.96
698,599,599,84,44,641,621,0.96
699,597,600,85,44,639,622,0.96
700,596,601,83,44,637,623,0.96
701,595,602,83,43,636,623,0.96
702,593,604,84,43,635,625,0.96
703,591,605,84,43,633,626,0.96
704,589,607,83,42,630,628,0.96
705,588,608,82,42,629,629,0.96
706,587,610,81,42,627,631,0.96
707,586,610,81,43,626,631,0.96
708,585,611,81,42,625,632,0.96
709,583,611,82,43,624,632,0.96
710,583,612,81,42,623,633,0.96
711,583,612,80,42,623,633,0.96
712,583,613,80,41,623,633,0.96
713,583,614,81,41,623,634,0.96
714,583,614,82,42,624,635,0.96
715,584,615,81,41,624,635,0.95
716,584,615,82,41,625,635,0.95
717,585,615,82,41,626,635,0.95
718,585,615,83,42,626,636,0.95
719,586,615,83,42,627,636,0.96
720,587,615,82,42,628,636,0.96
721,588,615,82,42,629,636,0.96
722,589,615,82,42,630,636,0.96
723,589,615,83,43,630,636,0.95
724,590,615,83,43,631,636,0.95
725,590,615,83,43,631,636,0.95
726,591,615,83,43,632,636,0.95
727,591,615,83,43,632,636,0.95
728,591,616,84,42,633,637,0.95
729,591,616,84,42,633,637,0.95
730,592,616,84,41,634,636,0.95
731,592,616,84,42,634,637,0.95
732,593,615,84,43,635,636,0.95
733,594,613,83,44,635,635,0.95
734,595,612,83,44,636,634,0.95
735,596,611,83,44,637,633,0.95
736,597,610,83,44,638,632,0.96
737,597,609,84,43,639,630,0.96
738,598,607,85,43,640,628,0.96
739,599,605,85,44,641,627,0.96
740,601,603,84,43,643,624,0.96
741,602,601,86,44,645,623,0.96
742,603,600,86,44,646,622,0.96
743,605,599,86,44,648,621,0.96
744,607,597,85,44,649,619,0.96
745,609,595,86,45,652,617,0.96
746,611,593,87,46,654,616,0.95
747,614,589,86,50,657,614,0.95
748,616,584,86,54,659,611,0.95
749,619,583,87,54,662,610,0.95
750,623,581,87,55,666,608,0.95
751,628,581,86,55,671,608,0.95
752,631,581,87,53,674,607,0.95
753,636,582,87,51,679,607,0.95
754,641,585,87,46,684,608,0.95
755,645,584,89,47,689,607,0.95
756,650,585,91,45,695,607,0.96
757,656,585,92,45,702,607,0.96
758,659,584,93,46,705,607,0.97
759,664,584,95,46,711,607,0.96
760,672,584,93,45,718,606,0.96
761,677,584,93,45,723,606,0.96
762,684,582,91,46,729,605,0.97
763,690,580,90,47,735,603,0.96
764,698,576,87,51,741,601,0.95
765,707,568,89,59,751,597,0.94
766,714,564,88,60,758,594,0.94
767,723,563,86,58,766,592,0.94
768,733,561,89,57,777,589,0.94
769,742,561,91,55,787,588,0.95
770,750,562,94,52,797,588,0.95
771,760,564,92,46,806,587,0.95
772,769,563,95,45,816,585,0.95
773,781,562,93,45,827,584,0.95
774,791,559,94,47,838,582,0.95
775,801,558,92,46,847,581,0.95
776,811,559,94,44,858,581,0.96
777,821,558,94,45,868,580,0.95
778,830,558,93,45,876,580,0.95
779,840,559,92,44,886,581,0.95
780,849,555,91,48,894,579,0.95
781,853,552,96,53,901,578,0.94
782,860,551,94,55,907,578,0.92
783,871,552,89,53,915,578,0.92
784,878,548,88,56,922,576,0.94
785,881,546,89,57,925,574,0.94
786,884,547,91,55,929,574,0.95
787,887,548,91,53,932,574,0.96
788,888,551,91,49,933,575,0.96
789,890,552,92,47,936,575,0.96
790,891,551,93,47,937,574,0.96
791,892,550,93,47,938,573,0.96
792,893,548,94,48,940,572,0.96
793,894,547,94,48,941,571,0.96
794,895,546,94,49,942,570,0.96
795,895,546,95,48,942,570,0.96
796,896,544,95,50,943,569,0.96
797,896,543,95,50,943,568,0.96
798,897,542,95,51,944,567,0.95
799,897,540,96,53,945,566,0.95
800,897,540,96,53,945,566,0.95
801,896,539,97,53,944,565,0.95
802,895,537,97,54,943,564,0.95
803,894,537,97,54,942,564,0.95
804,893,537,96,54,941,564,0.95
805,890,537,97,54,938,564,0.94
806,887,538,98,54,936,565,0.95
807,882,538,101,55,932,565,0.95
808,877,539,103,54,928,566,0.96
809,872,537,105,57,924,565,0.96
810,868,537,105,57,920,565,0.96
811,866,539,103,57,917,567,0.96
812,863,540,102,56,914,568,0.94
813,859,539,104,58,911,568,0.95
814,857,539,104,58,909,568,0.95
815,855,539,104,59,907,568,0.95
816,853,540,103,58,904,569,0.94
817,852,541,102,57,903,569,0.94
818,852,541,100,58,902,570,0.94
819,852,541,100,59,902,570,0.94
820,852,543,99,57,901,571,0.94
821,852,544,101,57,902,572,0.94
822,854,543,103,59,905,572,0.95
823,855,544,103,58,906,573,0.95
824,856,545,104,57,908,573,0.95
825,860,547,101,56,910,575,0.96
826,862,548,101,55,912,575,0.96
827,865,550,99,55,914,577,0.96
828,868,552,98,53,917,578,0.96
829,871,552,97,53,919,578,0.96
830,874,553,97,53,922,579,0.96
831,876,554,96,53,924,580,0.96
832,877,556,96,52,925,582,0.96
833,878,557,96,51,926,582,0.96
834,878,559,96,51,926,584,0.96
835,880,561,95,49,927,585,0.96
836,881,562,94,49,928,586,0.96
837,881,564,94,49,928,588,0.95
838,881,565,93,48,927,589,0.95
839,881,566,92,47,927,589,0.95
840,880,567,92,47,926,590,0.95
841,880,568,91,47,925,591,0.95
842,878,568,91,47,923,591,0.95
843,877,568,90,48,922,592,0.95
844,875,568,91,49,920,592,0.95
845,873,568,90,50,918,593,0.95
846,870,569,90,49,915,593,0.94
847,865,568,93,50,911,593,0.94
848,862,569,92,48,908,593,0.94
849,855,570,94,47,902,593,0.94
850,852,571,93,45,898,593,0.95
851,846,572,95,44,893,594,0.96
852,842,572,93,44,888,594,0.96
853,835,570,95,46,882,593,0.96
854,831,570,92,46,877,593,0.96
855,824,568,94,48,871,592,0.96
856,819,568,94,46,866,591,0.96
857,812,568,94,45,859,590,0.95
858,807,569,94,44,854,591,0.95
859,801,567,94,46,848,590,0.95
860,797,564,94,49,844,588,0.95
861,794,562,93,52,840,588,0.94
862,790,559,97,55,838,586,0.95
863,788,556,93,58,834,585,0.95
864,787,551,91,62,832,582,0.95
865,787,549,90,63,832,580,0.94
866,788,549,89,62,832,580,0.94
867,789,548,89,62,833,579,0.94
868,792,551,91,59,837,580,0.94
869,794,555,94,54,841,582,0.94
870,798,558,91,50,843,583,0.95
871,802,561,91,45,847,583,0.95
872,806,562,92,45,852,584,0.95
873,810,562,93,45,856,584,0.95
874,816,562,91,45,861,584,0.96
875,821,560,90,46,866,583,0.95
876,824,557,91,48,869,581,0.95
877,827,553,92,50,873,578,0.94
878,830,552,88,52,874,578,0.94
879,830,551,86,53,873,577,0.94
880,830,550,86,52,873,576,0.94
881,829,551,86,49,872,575,0.94
882,826,551,90,47,871,574,0.94
883,822,553,89,47,866,576,0.94
884,818,554,92,47,864,577,0.95
885,814,557,91,44,859,579,0.95
886,810,557,91,45,855,579,0.95
887,806,558,90,44,851,580,0.94
888,800,558,90,43,845,579,0.95
889,796,559,92,44,842,581,0.94
890,789,559,94,45,836,581,0.95
891,785,560,94,45,832,582,0.96
892,782,560,93,45,828,582,0.96
893,777,561,93,45,823,583,0.96
894,772,562,93,46,818,585,0.95
895,768,563,93,46,814,586,0.96
896,763,564,93,45,809,586,0.95
897,758,564,93,46,804,587,0.96
898,753,565,94,47,800,588,0.96
899,749,566,95,47,796,589,0.96
900,744,566,96,47,792,589,0.96
901,740,567,97,47,788,590,0.96
902,736,567,98,47,785,590,0.96
903,731,568,99,47,780,591,0.95
904,727,568,95,46,774,591,0.96
905,722,567,96,47,770,590,0.94
906,718,567,93,48,764,591,0.95
907,713,566,94,48,760,590,0.95
908,708,562,96,52,756,588,0.95
909,704,563,97,50,752,588,0.95
910,700,563,95,49,747,587,0.94
911,696,562,96,49,744,586,0.95
912,692,559,98,52,741,585,0.94
913,688,557,103,53,739,583,0.93
914,684,556,106,53,737,582,0.94
915,682,556,101,53,732,582,0.93
916,681,559,84,47,723,582,0.91
917,677,558,80,47,717,581,0.92
918,669,559,84,46,711,582,0.92
919,663,559,85,45,705,581,0.93
920,652,556,94,48,699,580,0.95
921,645,558,98,46,694,581,0.95
922,641,554,100,49,691,578,0.95
923,635,551,103,52,686,577,0.95
924,632,549,102,54,683,576,0.96
925,628,548,102,55,679,575,0.95
926,623,547,102,56,674,575,0.95
927,619,546,103,56,670,574,0.95
928,612,545,103,57,663,573,0.96
929,608,544,101,57,658,572,0.96
930,606,543,97,58,654,572,0.95
931,603,543,92,53,649,569,0.94
932,601,542,87,51,644,567,0.94
933,602,544,82,48,643,568,0.93
934,597,541,86,54,640,568,0.94
935,589,540,94,55,636,567,0.95
936,581,537,100,59,631,566,0.96
937,574,536,104,60,626,566,0.96
938,569,535,107,60,622,565,0.96
939,564,534,109,60,618,564,0.96
940,558,533,112,60,614,563,0.96
941,553,532,113,61,609,562,0.96
942,548,531,112,61,604,561,0.95
943,544,531,112,59,600,560,0.95
944,540,529,112,58,596,558,0.94
945,535,526,111,61,590,556,0.95
946,531,525,109,60,585,555,0.95
947,528,522,109,62,582,553,0.94
948,527,522,92,59,573,551,0.92
949,524,520,91,59,569,549,0.94
950,518,519,93,59,564,548,0.94
951,508,517,101,58,558,546,0.95
952,499,515,106,59,552,544,0.95
953,490,513,113,59,546,542,0.95
954,483,511,115,59,540,540,0.94
955,475,507,118,61,534,537,0.95
956,469,505,120,62,529,536,0.94
957,464,503,121,64,524,535,0.95
958,455,501,123,65,516,533,0.95
959,451,498,122,66,512,531,0.95
960,442,494,124,68,504,528,0.95
961,435,491,125,66,497,524,0.96
962,430,490,123,61,491,520,0.95
963,427,489,120,58,487,518,0.94
964,426,485,111,58,481,514,0.93
965,419,484,103,57,470,512,0.94
966,415,483,100,55,465,510,0.94
967,406,480,105,59,458,509,0.94
968,396,480,111,57,451,508,0.94
969,390,472,111,68,445,506,0.91
970,392,466,104,69,444,500,0.87
971,376,458,118,76,435,496,0.9
972,360,448,130,84,425,490,0.93
973,361,444,126,85,424,486,0.94
974,357,436,128,89,421,480,0.93
975,364,433,122,89,425,477,0.94
976,373,429,116,86,431,472,0.92
977,373,425,123,88,434,469,0.9
978,372,425,131,83,437,466,0.85
979,389,422,123,79,450,461,0.76
980,403,434,115,68,460,468,0.9
981,412,434,116,69,470,468,0.88
982,421,433,116,68,479,467,0.9
983,431,431,117,71,489,466,0.91
984,434,433,119,62,493,464,0.89
985,428,431,132,69,494,465,0.93
986,441,431,125,70,503,466,0.88
987,463,434,106,67,516,467,0.9
988,452,433,125,67,514,466,0.92
989,464,433,119,68,523,467,0.93
990,465,435,126,69,528,469,0.94
991,468,436,128,68,532,470,0.95
992,473,437,129,68,537,471,0.96
993,479,438,126,68,542,472,0.96
994,482,437,129,72,546,473,0.96
995,488,438,127,72,551,474,0.95
996,501,439,119,70,560,474,0.94
997,514,440,111,68,569,474,0.94
998,514,442,116,67,572,475,0.95
999,517,442,116,67,575,475,0.95
1000,517,441,119,68,576,475,0.95
1001,520,441,119,70,579,476,0.95
1002,525,442,118,69,584,476,0.95
1003,530,442,116,69,588,476,0.95
1004,530,442,119,70,589,477,0.96
1005,532,442,121,69,592,476,0.96
1006,533,441,123,70,594,476,0.96
1007,537,442,122,69,598,476,0.96
1008,541,442,122,68,602,476,0.96
1009,542,442,123,69,603,476,0.95
1010,545,441,123,69,606,475,0.95
1011,547,442,123,68,608,476,0.96
1012,549,441,124,69,611,475,0.95
1013,551,440,124,69,613,474,0.94
1014,555,436,123,72,616,472,0.94
1015,561,435,119,73,620,471,0.94
1016,564,432,118,76,623,470,0.94
1017,568,430,119,77,627,468,0.93
1018,577,429,115,77,634,467,0.94
1019,583,428,117,77,641,466,0.94
1020,589,433,116,71,647,468,0.93
1021,595,435,119,69,654,469,0.92
1022,601,434,121,68,661,468,0.93
1023,613,438,119,65,672,470,0.94
1024,622,441,120,57,682,469,0.94
1025,630,440,122,61,691,470,0.94
1026,638,439,123,60,699,469,0.94
1027,650,440,120,58,710,469,0.94
1028,657,443,122,56,718,471,0.95
1029,666,442,122,55,727,469,0.94
1030,677,440,118,57,736,468,0.91
1031,684,444,119,57,743,472,0.94
1032,692,448,118,56,751,476,0.93
1033,705,450,113,56,761,478,0.92
1034,710,455,114,55,767,482,0.94
1035,721,456,112,60,777,486,0.92
1036,724,461,115,64,781,493,0.95
1037,733,462,114,66,790,495,0.94
1038,739,463,115,67,796,496,0.95
1039,746,464,115,67,803,497,0.95
1040,752,466,115,64,809,498,0.95
1041,757,468,115,63,814,499,0.96
1042,764,468,114,64,821,500,0.95
1043,768,467,116,65,826,499,0.95
1044,777,468,111,64,832,500,0.91
1045,788,474,102,59,839,503,0.93
1046,793,476,102,58,844,505,0.93
1047,794,476,108,58,848,505,0.93
1048,796,476,109,57,850,504,0.94
1049,798,475,108,58,852,504,0.94
1050,800,474,108,58,854,503,0.94
1051,802,476,108,58,856,505,0.94
1052,803,478,107,57,856,506,0.94
1053,802,478,108,59,856,507,0.94
1054,802,481,108,59,856,510,0.95
1055,799,482,110,58,854,511,0.95
1056,801,485,106,57,854,513,0.94
1057,800,487,105,58,852,516,0.93
1058,798,492,106,58,851,521,0.93
1059,795,498,108,58,849,527,0.95
1060,791,503,110,58,846,532,0.95
1061,790,508,107,57,843,536,0.95
1062,787,512,106,57,840,540,0.94
1063,785,518,106,56,838,546,0.95
1064,783,525,105,53,835,551,0.95
1065,778,530,106,51,831,555,0.95
1066,775,534,106,50,828,559,0.95
1067,772,537,104,50,824,562,0.97
1068,768,539,104,50,820,564,0.96
1069,765,541,104,50,817,566,0.95
1070,762,542,103,50,813,567,0.96
1071,759,543,102,50,810,568,0.96
1072,756,543,102,50,807,568,0.96
1073,752,542,103,51,803,567,0.96
1074,750,544,101,49,800,568,0.96
1075,747,546,102,48,798,570,0.96
1076,745,548,100,47,795,571,0.97
1077,741,549,101,47,791,572,0.96
1078,738,550,100,48,788,574,0.97
1079,735,552,99,49,784,576,0.96
1080,731,555,98,50,780,580,0.96
1081,729,559,97,50,777,584,0.97
1082,727,566,95,47,774,589,0.96
1083,723,571,96,47,771,594,0.96
1084,719,578,95,46,766,601,0.96
1085,715,583,96,48,763,607,0.96
1086,714,589,94,47,761,612,0.96
1087,710,595,95,47,757,618,0.96
1088,707,601,95,48,754,625,0.97
1089,704,608,95,47,751,631,0.97
1090,700,612,96,48,748,636,0.97
1091,698,616,96,48,746,640,0.95
1092,695,618,95,50,742,643,0.97
1093,693,619,95,51,740,644,0.96
1094,691,619,96,52,739,645,0.96
1095,689,619,96,52,737,645,0.96
1096,687,619,96,51,735,644,0.96
1097,686,618,96,50,734,643,0.96
1098,685,617,96,50,733,642,0.96
1099,684,616,96,49,732,640,0.96
1100,683,615,95,49,730,639,0.96
1101,682,614,95,49,729,638,0.96
1102,681,614,96,47,729,637,0.96
1103,681,613,95,48,728,637,0.96
1104,680,612,96,48,728,636,0.96
1105,679,612,96,48,727,636,0.96
1106,679,611,96,48,727,635,0.96
1107,678,611,97,48,726,635,0.96
1108,678,610,97,49,726,634,0.96
1109,677,610,97,49,725,634,0.96
1110,677,609,97,49,725,633,0.96
1111,676,609,98,49,725,633,0.96
1112,675,608,98,49,724,632,0.97
1113,674,607,99,50,723,632,0.97
1114,673,606,100,50,723,631,0.97
1115,672,602,102,54,723,629,0.97
1116,673,599,101,56,723,627,0.97
1117,674,594,101,61,724,624,0.97
1118,676,592,99,62,725,623,0.96
1119,678,591,98,62,727,622,0.96
1120,680,590,97,61,728,620,0.96
1121,682,590,98,61,731,620,0.96
1122,684,591,99,58,733,620,0.96
1123,686,594,100,54,736,621,0.96
1124,690,597,101,49,740,621,0.97
1125,695,597,101,48,745,621,0.96
1126,699,597,101,49,749,621,0.97
1127,704,596,101,50,754,621,0.97
1128,709,596,100,49,759,620,0.96
1129,712,596,101,49,762,620,0.97
1130,715,597,102,49,766,621,0.97
1131,718,597,103,49,769,621,0.96
1132,723,597,102,50,774,622,0.96
1133,727,598,102,48,778,622,0.97
1134,731,597,101,49,781,621,0.97
1135,734,598,101,48,784,622,0.97
1136,737,598,102,49,788,622,0.97
1137,741,597,102,50,792,622,0.97
1138,744,597,102,50,795,622,0.97
1139,747,597,102,50,798,622,0.97
1140,750,597,103,50,801,622,0.97
1141,752,597,102,50,803,622,0.97
1142,756,597,101,50,806,622,0.97
1143,759,597,101,50,809,622,0.97
1144,761,596,102,51,812,621,0.97
1145,763,597,102,50,814,622,0.97
1146,765,596,103,50,816,621,0.96
1147,768,596,102,50,819,621,0.96
1148,770,595,103,51,821,620,0.96
1149,772,595,104,51,824,620,0.96
1150,774,594,105,51,826,619,0.96
1151,777,593,103,51,828,618,0.96
1152,779,593,103,51,830,618,0.96
1153,781,592,103,51,832,617,0.96
1154,783,592,104,52,835,618,0.96
1155,784,590,107,53,837,616,0.96
1156,786,590,106,54,839,617,0.96
1157,789,590,106,53,842,616,0.96
1158,790,591,106,52,843,617,0.96
1159,791,592,108,52,845,618,0.96
1160,793,594,107,52,846,620,0.97
1161,794,595,108,52,848,621,0.97
1162,796,595,107,53,849,621,0.97
1163,798,595,106,53,851,621,0.97
1164,799,594,107,54,852,621,0.96
1165,800,590,106,58,853,619,0.96
1166,800,587,105,60,852,617,0.96
1167,800,585,105,61,852,615,0.95
1168,799,583,104,60,851,613,0.95
1169,797,581,104,59,849,610,0.95
1170,793,580,104,59,845,609,0.95
1171,788,579,103,59,839,608,0.94
1172,783,579,106,61,836,609,0.95
1173,778,583,106,58,831,612,0.95
1174,772,586,104,55,824,613,0.95
1175,766,590,105,53,818,616,0.96
1176,761,592,103,51,812,617,0.97
1177,754,594,103,51,805,619,0.96
1178,746,594,105,52,798,620,0.97
1179,740,596,104,50,792,621,0.97
1180,733,597,104,50,785,622,0.97
1181,727,599,103,49,778,623,0.97
1182,719,601,102,48,770,625,0.96
1183,713,602,101,49,763,626,0.97
1184,707,601,101,50,757,626,0.96
1185,700,604,101,48,750,628,0.97
1186,694,604,100,49,744,628,0.96
1187,688,606,99,48,737,630,0.97
1188,681,605,100,49,731,629,0.97
1189,675,605,100,50,725,630,0.97
1190,670,603,99,52,719,629,0.97
1191,665,603,98,52,714,629,0.97
1192,660,601,99,55,709,628,0.96
1193,656,600,97,57,704,628,0.96
1194,652,599,95,58,699,628,0.96
1195,648,600,96,57,696,628,0.96
1196,645,602,94,55,692,629,0.96
1197,642,604,94,53,689,630,0.96
1198,638,606,97,52,686,632,0.96
1199,636,608,96,49,684,632,0.96
1200,633,609,97,48,681,633,0.97
1201,631,609,97,48,679,633,0.97
1202,630,610,95,48,677,634,0.96
1203,627,611,95,48,674,635,0.96
1204,624,611,96,47,672,634,0.96
1205,624,612,93,46,670,635,0.97
1206,622,613,92,46,668,636,0.96
1207,620,613,93,47,666,636,0.96
1208,618,613,92,47,664,636,0.96
1209,615,612,94,49,662,636,0.96
1210,614,611,92,50,660,636,0.95
1211,614,610,90,52,659,636,0.95
1212,614,607,88,56,658,635,0.94
1213,615,605,87,58,658,634,0.93
1214,617,604,86,58,660,633,0.92
1215,619,604,85,58,661,633,0.93
1216,620,607,88,54,664,634,0.95
1217,623,610,89,50,667,635,0.95
1218,625,613,90,46,670,636,0.96
1219,629,614,88,44,673,636,0.93
1220,633,613,88,45,677,635,0.96
1221,635,613,89,44,679,635,0.95
1222,639,614,89,43,683,635,0.95
1223,644,614,86,43,687,635,0.95
1224,647,615,86,42,690,636,0.96
1225,649,615,86,43,692,636,0.96
1226,652,616,86,42,695,637,0.95
1227,657,617,84,42,699,638,0.94
1228,660,617,84,43,702,638,0.96
1229,662,618,85,43,704,639,0.95
1230,666,619,83,42,707,640,0.95
1231,669,619,82,43,710,640,0.96
1232,672,619,82,43,713,640,0.96
1233,675,620,82,42,716,641,0.96
1234,678,620,83,43,719,641,0.95
1235,681,620,84,43,723,641,0.96
1236,684,621,83,42,725,642,0.96
1237,688,622,83,42,729,643,0.96
1238,691,622,83,42,732,643,0.96
1239,694,622,82,42,735,643,0.96
1240,696,621,84,44,738,643,0.96
1241,698,620,84,45,740,642,0.96
1242,702,621,82,44,743,643,0.96
1243,704,621,83,45,745,643,0.95
1244,706,621,82,45,747,643,0.96
1245,706,621,85,45,748,643,0.97
1246,707,621,85,44,749,643,0.97
1247,709,621,85,44,751,643,0.97
1248,710,621,85,44,752,643,0.96
1249,711,620,85,44,753,642,0.96
1250,711,620,86,44,754,642,0.96
1251,712,620,85,43,754,641,0.96
1252,712,619,85,44,754,641,0.96
1253,712,619,86,44,755,641,0.96
1254,712,619,86,43,755,640,0.96
1255,712,618,86,44,755,640,0.96
1256,712,617,86,45,755,639,0.96
1257,713,617,85,44,755,639,0.96
1258,712,616,86,45,755,638,0.95
1259,712,616,86,45,755,638,0.95
1260,711,617,86,43,754,638,0.95
1261,711,617,86,43,754,638,0.95
1262,711,617,86,43,754,638,0.95
1263,710,617,86,43,753,638,0.96
1264,709,616,87,44,752,638,0.96
1265,709,616,87,44,752,638,0.96
1266,708,616,88,45,752,638,0.96
1267,707,617,89,45,751,639,0.96
1268,707,618,89,44,751,640,0.96
1269,707,619,88,44,751,641,0.96
1270,706,620,89,45,750,642,0.96
1271,705,621,89,46,749,644,0.96
1272,704,623,89,47,748,646,0.95
1273,703,625,89,48,747,649,0.95
1274,702,628,90,49,747,652,0.95
1275,701,632,91,49,746,656,0.96
1276,701,636,90,49,746,660,0.95
1277,701,643,89,46,745,666,0.96
1278,700,649,88,44,744,671,0.96
1279,698,654,89,45,742,676,0.96
1280,696,660,90,45,741,682,0.96
1281,695,667,90,45,740,689,0.96
1282,692,673,92,45,738,695,0.96
1283,690,678,93,45,736,700,0.97
1284,689,684,93,45,735,706,0.96
1285,687,687,93,45,733,709,0.96
1286,686,689,94,47,733,712,0.97
1287,685,691,94,48,732,715,0.97
1288,684,692,95,48,731,716,0.97
1289,683,694,96,46,731,717,0.97
1290,683,694,96,46,731,717,0.97
1291,683,693,95,46,730,716,0.97
1292,684,692,95,46,731,715,0.97
1293,685,689,95,47,732,712,0.97
1294,686,686,94,48,733,710,0.96
1295,687,683,94,48,734,707,0.96
1296,687,682,95,47,734,705,0.97
1297,688,680,96,47,736,703,0.97
1298,689,679,97,46,737,702,0.97
1299,690,677,97,46,738,700,0.97
1300,691,676,97,46,739,699,0.97
1301,692,675,97,46,740,698,0.97
1302,693,674,97,47,741,697,0.97
1303,694,674,97,46,742,697,0.97
1304,694,674,98,46,743,697,0.96
1305,695,674,97,46,743,697,0.96
1306,696,674,97,46,744,697,0.96
1307,696,674,98,46,745,697,0.96
1308,696,674,99,47,745,697,0.96
1309,697,675,99,46,746,698,0.96
1310,696,675,100,46,746,698,0.97
1311,696,675,100,47,746,698,0.97
1312,696,676,100,47,746,699,0.97
1313,696,677,101,47,746,700,0.97
1314,696,678,101,47,746,701,0.97
1315,696,679,102,48,747,703,0.97
1316,696,681,102,48,747,705,0.97
1317,696,682,102,48,747,706,0.97
1318,696,682,102,50,747,707,0.97
1319,696,683,103,49,747,707,0.97
1320,697,682,103,51,748,707,0.97
1321,698,682,102,50,749,707,0.97
1322,700,682,102,50,751,707,0.97
1323,701,682,103,49,752,706,0.97
1324,702,681,104,49,754,705,0.98
1325,705,681,102,49,756,705,0.97
1326,706,681,103,48,757,705,0.97
1327,708,680,103,49,759,704,0.97
1328,710,679,103,49,761,703,0.97
1329,712,679,102,49,763,703,0.97
1330,713,678,103,50,764,703,0.97
1331,713,678,104,50,765,703,0.97
1332,715,678,103,50,766,703,0.97
1333,716,678,103,50,767,703,0.97
1334,716,678,104,50,768,703,0.97
1335,717,679,105,50,769,704,0.97
1336,718,679,105,50,770,704,0.97
1337,718,679,107,51,771,704,0.97
1338,719,680,107,51,772,705,0.97
1339,719,681,108,51,773,706,0.97
1340,720,681,108,51,774,706,0.97
1341,720,681,109,51,774,706,0.97
1342,721,682,109,50,775,707,0.97
1343,721,682,109,51,775,707,0.97
1344,722,682,109,51,776,707,0.96
1345,722,682,109,52,776,708,0.96
1346,723,683,109,51,777,708,0.96
1347,724,683,108,52,778,709,0.96
1348,723,684,110,52,778,710,0.96
1349,723,685,111,52,778,711,0.96
1350,722,687,112,52,778,713,0.96
1351,723,688,111,52,778,714,0.96
1352,723,689,111,52,778,715,0.96
1353,723,690,111,52,778,716,0.96
1354,723,691,112,52,779,717,0.96
1355,723,690,112,54,779,717,0.96
1356,722,688,114,56,779,716,0.96
1357,722,686,115,57,779,714,0.96
1358,723,683,114,60,780,713,0.96
1359,723,682,115,59,780,711,0.95
1360,724,680,115,58,781,709,0.95
1361,726,678,112,58,782,707,0.95
1362,726,675,112,60,782,705,0.95
1363,726,673,112,61,782,703,0.95
1364,724,672,114,62,781,703,0.95
1365,723,673,115,60,780,703,0.95
1366,723,676,115,56,780,704,0.96
1367,720,677,117,55,778,704,0.96
1368,720,678,115,54,777,705,0.97
1369,718,679,115,53,775,705,0.97
1370,717,679,113,53,773,705,0.97
1371,716,679,112,53,772,705,0.97
1372,714,679,112,53,770,705,0.97
1373,712,680,111,53,767,706,0.97
1374,711,682,110,52,766,708,0.97
1375,708,684,110,52,763,710,0.97
1376,706,686,110,53,761,712,0.97
1377,703,690,111,52,758,716,0.97
1378,701,693,110,52,756,719,0.97
1379,698,695,111,52,753,721,0.98
1380,695,697,111,52,750,723,0.97
1381,693,698,111,53,748,724,0.97
1382,691,699,111,53,746,725,0.97
1383,690,701,110,53,745,727,0.97
1384,689,701,108,53,743,727,0.97
1385,688,700,107,55,741,727,0.97
1386,686,698,108,57,740,726,0.97
1387,685,698,107,56,738,726,0.97
1388,684,699,108,54,738,726,0.97
1389,684,699,109,54,738,726,0.97
1390,685,699,108,53,739,725,0.97
1391,686,699,108,52,740,725,0.97
1392,686,699,108,52,740,725,0.97
1393,687,699,108,52,741,725,0.97
1394,687,699,108,52,741,725,0.97
1395,688,700,108,51,742,725,0.97
1396,689,699,107,52,742,725,0.97
1397,689,700,107,51,742,725,0.97
1398,690,701,106,51,743,726,0.97
1399,690,702,106,51,743,727,0.97
1400,689,703,107,51,742,728,0.97
1401,689,705,107,50,742,730,0.97
1402,690,706,106,50,743,731,0.97
1403,690,709,106,50,743,734,0.97
1404,690,712,106,49,743,736,0.97
1405,690,715,105,49,742,739,0.97
1406,689,719,106,48,742,743,0.96
1407,689,722,104,47,741,745,0.97
1408,688,725,105,48,740,749,0.97
1409,687,728,106,48,740,752,0.97
1410,687,730,105,49,739,754,0.97
1411,687,733,105,49,739,757,0.97
1412,685,735,106,49,738,759,0.97
1413,684,736,105,49,736,760,0.97
1414,683,737,106,50,736,762,0.97
1415,682,739,106,49,735,763,0.97
1416,681,740,106,49,734,764,0.97
1417,680,741,107,49,733,765,0.97
1418,678,743,107,49,731,767,0.96
1419,677,745,107,51,730,770,0.97
1420,676,748,106,50,729,773,0.97
1421,674,752,107,50,727,777,0.97
1422,671,756,110,51,726,781,0.97
1423,670,761,110,52,725,787,0.97
1424,667,766,112,52,723,792,0.96
1425,667,773,111,51,722,798,0.96
1426,667,780,108,50,721,805,0.95
1427,663,786,110,53,718,812,0.96
1428,660,792,111,54,715,819,0.96
1429,660,799,109,54,714,826,0.97
1430,658,808,108,52,712,834,0.96
1431,654,816,110,52,709,842,0.96
1432,652,823,111,53,707,849,0.98
1433,649,823,114,53,706,849,0.98
1434,649,819,113,54,705,846,0.97
1435,649,816,113,55,705,843,0.96
1436,652,813,110,55,707,840,0.96
1437,654,812,110,53,709,838,0.96
1438,656,812,109,52,710,838,0.96
1439,659,812,108,52,713,838,0.97
1440,664,813,104,51,716,838,0.97
1441,664,812,105,52,716,838,0.97
1442,665,812,105,52,717,838,0.97
1443,666,812,105,51,718,837,0.97
1444,666,810,106,52,719,836,0.97
1445,666,810,106,51,719,835,0.97
1446,666,808,106,51,719,833,0.97
1447,666,807,107,51,719,832,0.97
1448,666,807,106,51,719,832,0.97
1449,666,808,106,50,719,833,0.97
1450,666,809,107,51,719,834,0.97
1451,665,813,107,52,718,839,0.97
1452,664,821,107,52,717,847,0.97
1453,663,822,111,53,718,848,0.98
1454,665,820,109,53,719,846,0.97
1455,668,819,109,53,722,845,0.97
1456,671,820,108,52,725,846,0.97
1457,675,821,107,51,728,846,0.98
1458,678,822,107,51,731,847,0.98
1459,683,821,105,52,735,847,0.98
1460,686,820,106,53,739,846,0.98
1461,688,820,107,52,741,846,0.98
1462,691,819,106,52,744,845,0.98
1463,693,818,106,51,746,843,0.97
1464,695,816,106,52,748,842,0.97
1465,696,815,106,52,749,841,0.97
1466,698,814,107,51,751,839,0.97
1467,699,813,107,51,752,838,0.97
1468,701,812,106,51,754,837,0.97
1469,705,811,103,50,756,836,0.97
1470,707,810,102,50,758,835,0.97
1471,708,809,102,50,759,834,0.96
1472,709,808,102,50,760,833,0.96
1473,710,807,102,50,761,832,0.96
1474,710,807,102,49,761,831,0.96
1475,710,806,102,50,761,831,0.96
1476,710,806,103,49,761,830,0.96
1477,710,806,103,49,761,830,0.96
1478,710,807,102,49,761,831,0.96
1479,711,809,101,49,761,833,0.97
1480,711,815,100,49,761,839,0.97
1481,709,820,102,50,760,845,0.98
1482,709,822,103,50,760,847,0.98
1483,710,821,103,49,761,845,0.98
1484,710,821,103,50,761,846,0.98
1485,710,821,103,50,761,846,0.98
1486,711,822,102,49,762,846,0.98
1487,710,823,102,50,761,848,0.98
1488,709,823,102,49,760,847,0.98
1489,708,823,103,50,759,848,0.98
1490,708,823,103,50,759,848,0.98
1491,708,822,103,51,759,847,0.98
1492,708,822,103,51,759,847,0.98
1493,708,822,103,51,759,847,0.98
1494,708,822,103,51,759,847,0.98
1495,708,822,103,51,759,847,0.98
1496,708,822,103,51,759,847,0.98
1497,708,822,103,51,759,847,0.98
1498,708,822,103,51,759,847,0.98
1499,708,822,103,51,759,847,0.98
1500,708,823,103,50,759,848,0.98
1501,708,822,103,51,759,847,0.98
1502,708,822,103,51,759,847,0.98
1503,708,822,103,51,759,847,0.98
1504,708,822,103,51,759,847,0.98
1505,708,822,103,51,759,847,0.98
1506,708,822,103,51,759,847,0.98
1507,708,822,103,51,759,847,0.98
1508,708,822,103,51,759,847,0.98
1509,708,822,103,51,759,847,0.98
1510,708,822,103,51,759,847,0.98
1511,708,822,103,51,759,847,0.98
1512,708,822,103,51,759,847,0.98
1513,708,822,103,51,759,847,0.98
